{"surface":"aggregator","feature_idx":1021,"lb":"Pancreatic Stellate Cells","sig":29.15,"sig_bio":12.82,"sig_niche":15.33,"validation":{"prototype_alignment":{"max_abs_cos":0.6616946458816528,"best_prototype_idx":413,"signed_cos_to_best":-0.6616946458816528},"spatial_coherence":{"morans_i_mean":0.7197540839513142,"morans_i_median":0.7268956899642944,"n_slides":15},"confounds":{"tissue_fdr":0.0,"tech_fdr":6.36615800634356e-283,"slide_fdr":0.0,"tissue_concentrated":true,"tech_concentrated":true,"slide_concentrated":true},"graph_ablation":{"mean_abs_full":0.3304770064731979,"mean_abs_isolated":0.5243302310096839,"contextual_dependency":-0.5865861186690692},"confounds_effect_size":{"tissue_max_share":0.5803314917127071,"tissue_max_ratio":4.5688924968744296,"tissue_top_class":"breast","tech_max_share":0.6050828729281768,"tech_max_ratio":0.7640251532269292,"tech_top_class":"xenium","slide_max_ratio":4.5688924968744296,"tissue_concentrated_es":true,"tech_concentrated_es":false,"slide_concentrated_es":true,"tech_specific":false},"confound_survival":{"baseline_l7_top_class":"D1014","baseline_l7_top_frac":0.9641988950276243,"tech_resid_same_class_frac":0.938121546961326,"l20_resid_same_class_frac":0.6070718232044199,"survives_slide":true,"survives_tech":true,"survives_l20":true,"survives_all":true},"graph_ablation_v2":{"mean_abs_full":0.33357285602719144,"mean_abs_self_loop":0.26375882265200123,"mean_abs_self_loop_norm":0.26375882265200123,"mean_abs_random_rewire":0.26379470342794603,"dep_self_loop":0.20929170978318232,"dep_self_loop_norm":0.20929170978318232,"dep_random_rewire":0.20918414474814878},"prototype_domain_ablation":{"n_cells":200,"mean_cos_full_vs_ablated":0.4212176501750946,"mean_conf_drop":0.01680431328713894,"proto_reassign_rate":0.985,"l7_reassign_rate":0.93,"l20_reassign_rate":0.985}},"alive":true,"n_active_cells":4259060,"mean_abs":0.4764408767223358,"max_abs":2.868135929107666,"top_tissue":"breast","top_tissue_frac":0.682877786861701,"top_tech":"xenium","top_tech_frac":0.759197472214243,"tech_confound":false,"top_genes_summary":"gjb2,apoc1,lrrc15,postn,fcer1g","top_genes":[{"rank":0,"gene":"gjb2","mean_expr":0.16471335732475828,"baseline_mean":0.013134609829353619,"fold_change":12.540407325739661},{"rank":1,"gene":"apoc1","mean_expr":0.07312473023135359,"baseline_mean":0.005953668049245856,"fold_change":12.282298849465786},{"rank":2,"gene":"lrrc15","mean_expr":0.11319825567593232,"baseline_mean":0.01197508068690512,"fold_change":9.452817783492334},{"rank":3,"gene":"postn","mean_expr":0.48044507040503276,"baseline_mean":0.05646109487536663,"fold_change":8.50931196898638},{"rank":4,"gene":"fcer1g","mean_expr":0.17766992727037292,"baseline_mean":0.022593177433332282,"fold_change":7.863875180666355},{"rank":5,"gene":"lum","mean_expr":0.4792418421961326,"baseline_mean":0.06662837100348347,"fold_change":7.192759405315145},{"rank":6,"gene":"mmp2","mean_expr":0.22223012193437647,"baseline_mean":0.03142664785154076,"fold_change":7.071391227730996},{"rank":7,"gene":"cx3cr1","mean_expr":0.07228694461051295,"baseline_mean":0.010369157452396038,"fold_change":6.971342169542362},{"rank":8,"gene":"itm2c","mean_expr":0.08214426283019682,"baseline_mean":0.012549908984269697,"fold_change":6.545407056988068},{"rank":9,"gene":"angpt2","mean_expr":0.0957881023934874,"baseline_mean":0.014757270072768402,"fold_change":6.490909356619096},{"rank":10,"gene":"zeb2","mean_expr":0.15148521128280387,"baseline_mean":0.023540083988612986,"fold_change":6.4352026677594525},{"rank":11,"gene":"s100a4","mean_expr":0.09471036289278315,"baseline_mean":0.015091846996950728,"fold_change":6.27559787161367},{"rank":12,"gene":"zeb1","mean_expr":0.18140401725641603,"baseline_mean":0.029257729590743017,"fold_change":6.2002082797911715},{"rank":13,"gene":"cd248","mean_expr":0.0506019492573304,"baseline_mean":0.00847797353717952,"fold_change":5.968637320630848},{"rank":14,"gene":"ldhb","mean_expr":0.0682705873942507,"baseline_mean":0.01156431271039749,"fold_change":5.903557704114013},{"rank":15,"gene":"ccdc80","mean_expr":0.21272829171702348,"baseline_mean":0.036203595133862385,"fold_change":5.875888594225602},{"rank":16,"gene":"sfrp4","mean_expr":0.1914022978893301,"baseline_mean":0.03316148376849208,"fold_change":5.771825507735222},{"rank":17,"gene":"eif4ebp1","mean_expr":0.08354535798012222,"baseline_mean":0.014566042648693522,"fold_change":5.735624973445734},{"rank":18,"gene":"svil","mean_expr":0.09192963489511395,"baseline_mean":0.016268590237282898,"fold_change":5.650743767855056},{"rank":19,"gene":"snai2","mean_expr":0.0691057478846177,"baseline_mean":0.012429871202147606,"fold_change":5.559651162972449}],"enrichments":{"GO_Biological_Process_2023":{"term":"Extracellular Matrix Organization (GO:0030198)","p":3.191918916005787e-07,"fdr":9.863029450457881e-05,"overlap":"4/176"},"KEGG_2021_Human":{"term":"HIF-1 signaling pathway","p":6.280402370539389e-06,"fdr":0.0003328613256385876,"overlap":"3/109"},"Reactome_2022":{"term":"Defective B4GALT1 Causes B4GALT1-CDG (CDG-2d) R-HSA-3656244","p":0.0026331582134886174,"fdr":0.028403108460702754,"overlap":"1/8"},"PanglaoDB_Augmented_2021":{"term":"Pancreatic Stellate Cells","p":4.019377501767393e-15,"fdr":1.5145459855448987e-13,"overlap":"7/110"},"CellMarker_Augmented_2021":{"term":"Stromal cell:Embryoid Body","p":2.025695978843935e-15,"fdr":5.874518338647412e-13,"overlap":"7/100"}},"domains":{"level_7":{"top_domain":"D1014","top_domain_lb":"Pancreatic Stellate Cells","top_domain_frac":0.9641988950276243,"corpus_frac":0.1205664560129552,"log2_enrichment":2.999502189338258,"fdr":0.0,"n_top_cells":4525},"level_12":{"top_domain":"D995","top_domain_lb":"Luminal Epithelial Cells","top_domain_frac":0.3507182320441989,"corpus_frac":0.02862065163520855,"log2_enrichment":3.6151839597281348,"fdr":0.0,"n_top_cells":4525},"level_20":{"top_domain":"D995","top_domain_lb":"Luminal Epithelial Cells","top_domain_frac":0.3507182320441989,"corpus_frac":0.04187833494227369,"log2_enrichment":3.0660364127048694,"fdr":0.0,"n_top_cells":4525}},"causal":{"ablation_effect":0.03452259302139282,"mean_l2_drop":0.5237832069396973,"slide":"Xenium_V1_hSkin_nondiseased_section_1_FFPE_outs"},"morans":{"morans_i":0.9539799690246582,"n_active":65950,"slide":"Xenium_V1_hSkin_nondiseased_section_1_FFPE_outs"},"module":{"module_id":24,"P_i":0.9410721063613892}}