{"surface":"aggregator","feature_idx":1090,"lb":"B Cells","sig":36.97,"sig_bio":6.7,"sig_niche":29.27,"validation":{"prototype_alignment":{"max_abs_cos":0.24969561398029327,"best_prototype_idx":382,"signed_cos_to_best":0.24969561398029327},"spatial_coherence":{"morans_i_mean":0.30420003135999046,"morans_i_median":0.25265106558799744,"n_slides":15},"confounds":{"tissue_fdr":0.0,"tech_fdr":1.1151599047830973e-257,"slide_fdr":0.0,"tissue_concentrated":true,"tech_concentrated":true,"slide_concentrated":true},"graph_ablation":{"mean_abs_full":0.00026554893251406233,"mean_abs_isolated":0.0005127160202556768,"contextual_dependency":-0.93077793761617},"confounds_effect_size":{"tissue_max_share":0.9991160220994475,"tissue_max_ratio":5.231160467712001,"tissue_top_class":"tonsil","tech_max_share":1.0,"tech_max_ratio":1.2626785311730662,"tech_top_class":"xenium","slide_max_ratio":5.231160467712001,"tissue_concentrated_es":true,"tech_concentrated_es":false,"slide_concentrated_es":true,"tech_specific":false},"confound_survival":{"baseline_l7_top_class":"D1007","baseline_l7_top_frac":0.9820994475138122,"tech_resid_same_class_frac":0.9820994475138122,"l20_resid_same_class_frac":0.8766850828729281,"survives_slide":true,"survives_tech":true,"survives_l20":true,"survives_all":true},"graph_ablation_v2":{"mean_abs_full":0.0003379237441963129,"mean_abs_self_loop":0.0004094503782941874,"mean_abs_self_loop_norm":0.0004094503782941874,"mean_abs_random_rewire":0.0004096802594244786,"dep_self_loop":-0.21166501415278452,"dep_self_loop_norm":-0.21166501415278452,"dep_random_rewire":-0.21234528931615884},"prototype_domain_ablation":{"n_cells":200,"mean_cos_full_vs_ablated":0.9975771903991699,"mean_conf_drop":0.006821485236287117,"proto_reassign_rate":0.14,"l7_reassign_rate":0.065,"l20_reassign_rate":0.09}},"alive":true,"n_active_cells":94073,"mean_abs":0.001299558556638658,"max_abs":0.1606602668762207,"top_tissue":"tonsil","top_tissue_frac":0.8983582650197759,"top_tech":"xenium","top_tech_frac":0.9739708774333252,"tech_confound":true,"top_genes_summary":"col17a1,il1r2,sncg,fhl2,pdpn","top_genes":[{"rank":0,"gene":"col17a1","mean_expr":0.5959836843922652,"baseline_mean":0.013520162612767294,"fold_change":44.08110327234296},{"rank":1,"gene":"il1r2","mean_expr":0.6545054601174033,"baseline_mean":0.0190651582677737,"fold_change":34.32992534993689},{"rank":2,"gene":"sncg","mean_expr":0.08581729109116022,"baseline_mean":0.005483024341582594,"fold_change":15.651451780057268},{"rank":3,"gene":"fhl2","mean_expr":0.2139317836023826,"baseline_mean":0.014521033829958641,"fold_change":14.732544948763605},{"rank":4,"gene":"pdpn","mean_expr":0.3371289871805939,"baseline_mean":0.026390785641931667,"fold_change":12.774496059144901},{"rank":5,"gene":"slamf7","mean_expr":0.48036386395027625,"baseline_mean":0.05078800349918856,"fold_change":9.458215146377059},{"rank":6,"gene":"cxcl6","mean_expr":0.08193395793767265,"baseline_mean":0.009245584852327758,"fold_change":8.861955111151694},{"rank":7,"gene":"fgfbp1","mean_expr":0.10092123295062155,"baseline_mean":0.011761976177760277,"fold_change":8.580295642958786},{"rank":8,"gene":"gpc1","mean_expr":0.12279114781163675,"baseline_mean":0.014564027096464332,"fold_change":8.431126020182042},{"rank":9,"gene":"mzb1","mean_expr":0.5775160242575967,"baseline_mean":0.07132560758829959,"fold_change":8.096895964645576},{"rank":10,"gene":"tent5c","mean_expr":0.7187258826830111,"baseline_mean":0.08895152908041777,"fold_change":8.079972206360138},{"rank":11,"gene":"prdm1","mean_expr":0.4731065630385889,"baseline_mean":0.06367456655118418,"fold_change":7.430071198965866},{"rank":12,"gene":"clca2","mean_expr":0.1008677850375518,"baseline_mean":0.013637514740194015,"fold_change":7.396346545478916},{"rank":13,"gene":"hla-dqb2","mean_expr":0.2419015991885359,"baseline_mean":0.033409337638822985,"fold_change":7.240538612397888},{"rank":14,"gene":"derl3","mean_expr":0.17666838419371547,"baseline_mean":0.025405798311043108,"fold_change":6.953860769528475},{"rank":15,"gene":"vwa5a","mean_expr":0.10207649694621893,"baseline_mean":0.016153068918584267,"fold_change":6.319325291107926},{"rank":16,"gene":"fkbp11","mean_expr":0.40196129898998617,"baseline_mean":0.06402300483936019,"fold_change":6.278388526101599},{"rank":17,"gene":"ehf","mean_expr":0.1975114112137431,"baseline_mean":0.031586340777138545,"fold_change":6.253064025596065},{"rank":18,"gene":"tnfrsf17","mean_expr":0.2433261007630364,"baseline_mean":0.03962935782442971,"fold_change":6.140046524120985},{"rank":19,"gene":"dst","mean_expr":0.49270748370260165,"baseline_mean":0.08024494812440858,"fold_change":6.140043644102399}],"enrichments":{"GO_Biological_Process_2023":{"term":"Cell-Substrate Junction Assembly (GO:0007044)","p":3.878964027950702e-05,"fdr":0.006051183883603095,"overlap":"2/28"},"KEGG_2021_Human":{"term":"Cytokine-cytokine receptor interaction","p":0.00011942948492813162,"fdr":0.002388589698562632,"overlap":"3/293"},"Reactome_2022":{"term":"Type I Hemidesmosome Assembly R-HSA-446107","p":3.7081535792150055e-06,"fdr":0.0003708153579215005,"overlap":"2/9"},"PanglaoDB_Augmented_2021":{"term":"B Cells","p":3.4287007573517482e-09,"fdr":1.988646439264014e-07,"overlap":"5/182"},"CellMarker_Augmented_2021":{"term":"Plasma cell:Kidney","p":2.680608515700128e-10,"fdr":4.5302283915332164e-08,"overlap":"4/31"}},"domains":{"level_7":{"top_domain":"D1007","top_domain_lb":"B Cells","top_domain_frac":0.9820994475138122,"corpus_frac":0.022265245142631514,"log2_enrichment":5.463003654890492,"fdr":0.0,"n_top_cells":4525},"level_12":{"top_domain":"D1007","top_domain_lb":"B Cells","top_domain_frac":0.9820994475138122,"corpus_frac":0.08182439474712827,"log2_enrichment":3.585266172410617,"fdr":0.0,"n_top_cells":4525},"level_20":{"top_domain":"D975","top_domain_lb":"B Cells","top_domain_frac":0.9124861878453039,"corpus_frac":0.01576953050685709,"log2_enrichment":5.8545910175819955,"fdr":0.0,"n_top_cells":4525}},"causal":{"ablation_effect":0.0005470514297485352,"mean_l2_drop":0.00022546682157553732,"slide":"Xenium_V1_hSkin_nondiseased_section_1_FFPE_outs"},"morans":{"morans_i":0.4928101897239685,"n_active":377,"slide":"Xenium_V1_hSkin_nondiseased_section_1_FFPE_outs"},"module":{"module_id":2,"P_i":0.02078615501523018}}