{"surface":"aggregator","feature_idx":1135,"lb":"T Regulatory Cells","sig":41.07,"sig_bio":29.12,"sig_niche":10.95,"validation":{"prototype_alignment":{"max_abs_cos":0.37079715728759766,"best_prototype_idx":499,"signed_cos_to_best":0.37079715728759766},"spatial_coherence":{"morans_i_mean":0.1285741738975048,"morans_i_median":0.12064597383141518,"n_slides":4},"confounds":{"tissue_fdr":0.0,"tech_fdr":6.269588658170113e-53,"slide_fdr":0.0,"tissue_concentrated":true,"tech_concentrated":true,"slide_concentrated":true},"graph_ablation":{"mean_abs_full":3.288177515611218e-06,"mean_abs_isolated":1.299372668848876e-05,"contextual_dependency":-2.9516500027138712},"confounds_effect_size":{"tissue_max_share":0.773356401384083,"tissue_max_ratio":4.049130776495298,"tissue_top_class":"tonsil","tech_max_share":0.9440599769319492,"tech_max_ratio":1.1920442650117122,"tech_top_class":"xenium","slide_max_ratio":4.049130776495298,"tissue_concentrated_es":true,"tech_concentrated_es":false,"slide_concentrated_es":true,"tech_specific":false},"confound_survival":{"baseline_l7_top_class":"D1015","baseline_l7_top_frac":0.78719723183391,"tech_resid_same_class_frac":0.78719723183391,"l20_resid_same_class_frac":0.78719723183391,"survives_slide":true,"survives_tech":true,"survives_l20":true,"survives_all":true},"graph_ablation_v2":{"mean_abs_full":5.8562100209969886e-06,"mean_abs_self_loop":2.05289122200973e-06,"mean_abs_self_loop_norm":2.05289122200973e-06,"mean_abs_random_rewire":2.011255521069635e-06,"dep_self_loop":0.6494505465737658,"dep_self_loop_norm":0.6494505465737658,"dep_random_rewire":0.6565602131995892},"prototype_domain_ablation":{"n_cells":200,"mean_cos_full_vs_ablated":0.9997580647468567,"mean_conf_drop":0.0008379893843084574,"proto_reassign_rate":0.085,"l7_reassign_rate":0.05,"l20_reassign_rate":0.07}},"alive":true,"n_active_cells":1734,"mean_abs":1.1917451956833247e-05,"max_abs":0.1105586364865303,"top_tissue":"tonsil","top_tissue_frac":0.773356401384083,"top_tech":"xenium","top_tech_frac":0.9440599769319492,"tech_confound":true,"top_genes_summary":"gzmk,ccl19,cd28,cd247,ccl5","top_genes":[{"rank":0,"gene":"gzmk","mean_expr":0.18444656691606864,"baseline_mean":0.03632232354444024,"fold_change":5.078049775378464},{"rank":1,"gene":"ccl19","mean_expr":0.22833578878070518,"baseline_mean":0.04583534279192798,"fold_change":4.98165334591797},{"rank":2,"gene":"cd28","mean_expr":0.2580190358603977,"baseline_mean":0.06009129435975126,"fold_change":4.293783960047582},{"rank":3,"gene":"cd247","mean_expr":0.23684072095767575,"baseline_mean":0.05557459175555355,"fold_change":4.261672708266153},{"rank":4,"gene":"ccl5","mean_expr":0.2757093118233957,"baseline_mean":0.06484447979078752,"fold_change":4.25185478722224},{"rank":5,"gene":"cd3d","mean_expr":0.37410224887063054,"baseline_mean":0.08952511213076526,"fold_change":4.178740913769495},{"rank":6,"gene":"cxcl9","mean_expr":0.13269028147920872,"baseline_mean":0.03182659580591392,"fold_change":4.169163497358792},{"rank":7,"gene":"gzma","mean_expr":0.15004782254278295,"baseline_mean":0.03789893017526632,"fold_change":3.959157207047166},{"rank":8,"gene":"cd2","mean_expr":0.36939975715422835,"baseline_mean":0.09393588627584229,"fold_change":3.9324668324253382},{"rank":9,"gene":"cd3e","mean_expr":0.4331566393149653,"baseline_mean":0.11607756750019525,"fold_change":3.731613684222291},{"rank":10,"gene":"ctla4","mean_expr":0.14326067197403985,"baseline_mean":0.04008234776621136,"fold_change":3.574158699725813},{"rank":11,"gene":"klrb1","mean_expr":0.2186059754896262,"baseline_mean":0.06231993291893662,"fold_change":3.507801842052373},{"rank":12,"gene":"hla-dqb2","mean_expr":0.1170500755447555,"baseline_mean":0.033409337638822985,"fold_change":3.50351380234305},{"rank":13,"gene":"tnfrsf13b","mean_expr":0.08167491496042276,"baseline_mean":0.02357855136280949,"fold_change":3.463949659318291},{"rank":14,"gene":"ptgds","mean_expr":0.3440571369940572,"baseline_mean":0.09949035451674797,"fold_change":3.4581959091937846},{"rank":15,"gene":"ms4a1","mean_expr":0.5349853873885667,"baseline_mean":0.15486062130531425,"fold_change":3.4546250872506863},{"rank":16,"gene":"ccr7","mean_expr":0.24048501659603497,"baseline_mean":0.06972164088259598,"fold_change":3.4492162483809983},{"rank":17,"gene":"sh2d3c","mean_expr":0.0923652534030438,"baseline_mean":0.026978203498496865,"fold_change":3.423699187686463},{"rank":18,"gene":"gpr183","mean_expr":0.2269073434973258,"baseline_mean":0.06630961934173517,"fold_change":3.4219370545309507},{"rank":19,"gene":"trac","mean_expr":0.6337022464274851,"baseline_mean":0.185792812248079,"fold_change":3.4108006588615334}],"enrichments":{"GO_Biological_Process_2023":{"term":"T Cell Activation (GO:0042110)","p":4.289107509614351e-15,"fdr":1.5183440584034802e-12,"overlap":"7/111"},"KEGG_2021_Human":{"term":"T cell receptor signaling pathway","p":2.0352211837600072e-10,"fdr":7.937362616664028e-09,"overlap":"5/104"},"Reactome_2022":{"term":"Costimulation By CD28 Family R-HSA-388841","p":4.5574934625019964e-14,"fdr":3.4636950315015175e-12,"overlap":"6/65"},"PanglaoDB_Augmented_2021":{"term":"T Regulatory Cells","p":1.9495930665939817e-31,"fdr":7.60341295971653e-30,"overlap":"13/117"},"CellMarker_Augmented_2021":{"term":"Induced Regulatory T (Treg) cell:Peripheral Blood","p":3.653467779170389e-29,"fdr":4.7860427907132096e-27,"overlap":"12/103"}},"domains":{"level_7":{"top_domain":"D1015","top_domain_lb":"T Regulatory Cells","top_domain_frac":0.78719723183391,"corpus_frac":0.26340368111118745,"log2_enrichment":1.5794496361847385,"fdr":0.0,"n_top_cells":1734},"level_12":{"top_domain":"D1010","top_domain_lb":"Basal Cells","top_domain_frac":0.5945790080738178,"corpus_frac":0.20437372521213598,"log2_enrichment":1.54065879262015,"fdr":9.052956812460414e-274,"n_top_cells":1734},"level_20":{"top_domain":"D1002","top_domain_lb":"Osteoblasts","top_domain_frac":0.5991926182237601,"corpus_frac":0.1313445519452785,"log2_enrichment":2.1896634819827625,"fdr":0.0,"n_top_cells":1734}},"causal":null,"morans":null,"module":{"module_id":1,"P_i":0.00038314066478051245}}