{"surface":"aggregator","feature_idx":1147,"lb":"Basal Cells","sig":26.18,"sig_bio":9.6,"sig_niche":15.58,"validation":{"prototype_alignment":{"max_abs_cos":0.2643614411354065,"best_prototype_idx":500,"signed_cos_to_best":0.2643614411354065},"spatial_coherence":{"morans_i_mean":0.4639346887667974,"morans_i_median":0.4177946150302887,"n_slides":15},"confounds":{"tissue_fdr":0.0,"tech_fdr":1.1151599047830973e-257,"slide_fdr":0.0,"tissue_concentrated":true,"tech_concentrated":true,"slide_concentrated":true},"graph_ablation":{"mean_abs_full":0.002398279500077406,"mean_abs_isolated":0.002014573582347829,"contextual_dependency":0.15999216009526526},"confounds_effect_size":{"tissue_max_share":1.0,"tissue_max_ratio":7.872901198917288,"tissue_top_class":"breast","tech_max_share":1.0,"tech_max_ratio":1.2626785311730662,"tech_top_class":"xenium","slide_max_ratio":7.872901198917288,"tissue_concentrated_es":true,"tech_concentrated_es":false,"slide_concentrated_es":true,"tech_specific":false},"confound_survival":{"baseline_l7_top_class":"D1016","baseline_l7_top_frac":1.0,"tech_resid_same_class_frac":1.0,"l20_resid_same_class_frac":1.0,"survives_slide":true,"survives_tech":true,"survives_l20":true,"survives_all":true},"graph_ablation_v2":{"mean_abs_full":0.001749573833660295,"mean_abs_self_loop":0.0011506439894618185,"mean_abs_self_loop_norm":0.0011506439894618185,"mean_abs_random_rewire":0.0011509590712751269,"dep_self_loop":0.3423289904521785,"dep_self_loop_norm":0.3423289904521785,"dep_random_rewire":0.34214889984539965},"prototype_domain_ablation":{"n_cells":200,"mean_cos_full_vs_ablated":0.997010350227356,"mean_conf_drop":0.004427965730428696,"proto_reassign_rate":0.61,"l7_reassign_rate":0.455,"l20_reassign_rate":0.28}},"alive":true,"n_active_cells":144554,"mean_abs":0.002133422764018178,"max_abs":0.2090786099433899,"top_tissue":"breast","top_tissue_frac":0.6650904832401617,"top_tech":"xenium","top_tech_frac":0.9447599266411826,"tech_confound":true,"top_genes_summary":"krt5,pigr,krt6b,krt14,oxtr","top_genes":[{"rank":0,"gene":"krt5","mean_expr":0.5158196650552486,"baseline_mean":0.0035842383898753855,"fold_change":143.91332521640177},{"rank":1,"gene":"pigr","mean_expr":0.20872798687845304,"baseline_mean":0.0015679949793407206,"fold_change":133.11776480701158},{"rank":2,"gene":"krt6b","mean_expr":0.18769783483684394,"baseline_mean":0.0014668630784394569,"fold_change":127.95866062463645},{"rank":3,"gene":"krt14","mean_expr":0.7694444384495857,"baseline_mean":0.006536609719804681,"fold_change":117.71307626311477},{"rank":4,"gene":"oxtr","mean_expr":0.25340388682665743,"baseline_mean":0.0026756737361941724,"fold_change":94.70657180613296},{"rank":5,"gene":"sfrp1","mean_expr":0.9654835333218232,"baseline_mean":0.01034659360069512,"fold_change":93.31414478838317},{"rank":6,"gene":"ptn","mean_expr":0.8988157695959945,"baseline_mean":0.02168647367689382,"fold_change":41.44591614973583},{"rank":7,"gene":"dmkn","mean_expr":0.092321608738346,"baseline_mean":0.002233917117242637,"fold_change":41.32723099964433},{"rank":8,"gene":"slc25a37","mean_expr":0.2933845983684392,"baseline_mean":0.009300645125172351,"fold_change":31.544542816109487},{"rank":9,"gene":"ankrd29","mean_expr":0.05078402861705801,"baseline_mean":0.0018188959647684674,"fold_change":27.92024920651383},{"rank":10,"gene":"krt23","mean_expr":0.10831374363345994,"baseline_mean":0.004049494062917066,"fold_change":26.747475598330865},{"rank":11,"gene":"dsc2","mean_expr":0.36562570139848066,"baseline_mean":0.013675286536245543,"fold_change":26.736236965083783},{"rank":12,"gene":"fam49a","mean_expr":0.057732675457527624,"baseline_mean":0.002220080003912758,"fold_change":26.004772510800173},{"rank":13,"gene":"ldhb","mean_expr":0.23105037120165745,"baseline_mean":0.01156431271039749,"fold_change":19.97960250538017},{"rank":14,"gene":"scgb2a1","mean_expr":0.07173167866237914,"baseline_mean":0.0036167769127084105,"fold_change":19.833039303677463},{"rank":15,"gene":"krt7","mean_expr":0.7696879855835635,"baseline_mean":0.03976440609331432,"fold_change":19.356204736903464},{"rank":16,"gene":"kit","mean_expr":0.38066500669026243,"baseline_mean":0.020647233085192285,"fold_change":18.43661110036417},{"rank":17,"gene":"tcf7","mean_expr":0.05562751222051968,"baseline_mean":0.0032535630070522517,"fold_change":17.09741354322766},{"rank":18,"gene":"cdc42ep1","mean_expr":0.05613496053284703,"baseline_mean":0.0033339318878351444,"fold_change":16.837464717762337},{"rank":19,"gene":"svil","mean_expr":0.26490951959599446,"baseline_mean":0.016268590237282898,"fold_change":16.28349572594794}],"enrichments":{"GO_Biological_Process_2023":{"term":"Intermediate Filament Organization (GO:0045109)","p":1.4962896116234286e-11,"fdr":4.952718614473548e-09,"overlap":"5/66"},"KEGG_2021_Human":{"term":"Acute myeloid leukemia","p":0.0002027765855338164,"fdr":0.0035713443628383264,"overlap":"2/67"},"Reactome_2022":{"term":"Keratinization R-HSA-6805567","p":4.915619114465811e-09,"fdr":2.9493714686794867e-07,"overlap":"5/207"},"PanglaoDB_Augmented_2021":{"term":"Basal Cells","p":3.7351947487548604e-12,"fdr":2.5025804816657565e-10,"overlap":"6/141"},"CellMarker_Augmented_2021":{"term":"Basal cell:Epithelium","p":1.31727476497852e-10,"fdr":3.214150426547589e-08,"overlap":"5/101"}},"domains":{"level_7":{"top_domain":"D1016","top_domain_lb":"Basal Cells","top_domain_frac":1.0,"corpus_frac":0.15406850528519783,"log2_enrichment":2.698356110984178,"fdr":0.0,"n_top_cells":4525},"level_12":{"top_domain":"D1010","top_domain_lb":"Basal Cells","top_domain_frac":1.0,"corpus_frac":0.20437372521213598,"log2_enrichment":2.2907183574901575,"fdr":0.0,"n_top_cells":4525},"level_20":{"top_domain":"D1003","top_domain_lb":"Endothelial Cells","top_domain_frac":0.7772375690607735,"corpus_frac":0.08963304007090091,"log2_enrichment":3.1162530891445646,"fdr":0.0,"n_top_cells":4525}},"causal":{"ablation_effect":0.0005493760108947754,"mean_l2_drop":0.0008066119044087827,"slide":"Xenium_V1_hSkin_nondiseased_section_1_FFPE_outs"},"morans":{"morans_i":0.5152502655982971,"n_active":1226,"slide":"Xenium_V1_hSkin_nondiseased_section_1_FFPE_outs"},"module":{"module_id":2,"P_i":0.03194031864404678}}