{"surface":"aggregator","feature_idx":1159,"lb":"Luminal Epithelial Cells","sig":21.59,"sig_bio":12.08,"sig_niche":8.51,"validation":{"prototype_alignment":{"max_abs_cos":0.3751850724220276,"best_prototype_idx":107,"signed_cos_to_best":-0.3751850724220276},"spatial_coherence":{"morans_i_mean":0.13934392606218657,"morans_i_median":0.10020729526877403,"n_slides":6},"confounds":{"tissue_fdr":1.5332752491549255e-130,"tech_fdr":1.869269533046432e-17,"slide_fdr":1.5332752491549255e-130,"tissue_concentrated":true,"tech_concentrated":true,"slide_concentrated":true},"graph_ablation":{"mean_abs_full":7.29084323302915e-06,"mean_abs_isolated":2.552166483386432e-05,"contextual_dependency":-2.5005093400233145},"confounds_effect_size":{"tissue_max_share":0.2702702702702703,"tissue_max_ratio":1.4504900318237448,"tissue_top_class":"uterine","tech_max_share":0.7297297297297297,"tech_max_ratio":0.9214140632884535,"tech_top_class":"xenium","slide_max_ratio":1.4504900318237448,"tissue_concentrated_es":false,"tech_concentrated_es":false,"slide_concentrated_es":false,"tech_specific":false},"confound_survival":{"baseline_l7_top_class":"D1014","baseline_l7_top_frac":0.25225225225225223,"tech_resid_same_class_frac":0.25225225225225223,"l20_resid_same_class_frac":0.25225225225225223,"survives_slide":false,"survives_tech":true,"survives_l20":true,"survives_all":false},"graph_ablation_v2":{"mean_abs_full":1.0544522886519627e-05,"mean_abs_self_loop":3.845923147730656e-07,"mean_abs_self_loop_norm":3.845923147730656e-07,"mean_abs_random_rewire":3.845923147730656e-07,"dep_self_loop":0.9635268168212013,"dep_self_loop_norm":0.9635268168212013,"dep_random_rewire":0.9635268168212013}},"alive":true,"n_active_cells":1221,"mean_abs":1.2401985259202775e-05,"max_abs":0.09946584701538086,"top_tissue":"uterine","top_tissue_frac":0.2702702702702703,"top_tech":"xenium","top_tech_frac":0.7297297297297297,"tech_confound":false,"top_genes_summary":"serpinb3,s100a12,c15orf48,aldh1a3,prkca","top_genes":[{"rank":0,"gene":"serpinb3","mean_expr":0.0762975464874755,"baseline_mean":0.01016263881336798,"fold_change":7.507651102104836},{"rank":1,"gene":"s100a12","mean_expr":0.07172058538566546,"baseline_mean":0.012214254078178695,"fold_change":5.871876000499896},{"rank":2,"gene":"c15orf48","mean_expr":0.05388842036155869,"baseline_mean":0.009857531113480289,"fold_change":5.4667258709298565},{"rank":3,"gene":"aldh1a3","mean_expr":0.06988211328821237,"baseline_mean":0.016606255907907933,"fold_change":4.208179957947918},{"rank":4,"gene":"prkca","mean_expr":0.058528523734926625,"baseline_mean":0.015097080623268491,"fold_change":3.876810702376398},{"rank":5,"gene":"lgr5","mean_expr":0.0902762026955931,"baseline_mean":0.023677144014448707,"fold_change":3.8127994930682125},{"rank":6,"gene":"clca2","mean_expr":0.05163620799218505,"baseline_mean":0.013637514740194015,"fold_change":3.78633563196064},{"rank":7,"gene":"cdca7","mean_expr":0.11445519050277053,"baseline_mean":0.031156377337588977,"fold_change":3.6735718425352593},{"rank":8,"gene":"ehf","mean_expr":0.10408243070753942,"baseline_mean":0.031586340777138545,"fold_change":3.2951721581776843},{"rank":9,"gene":"sox9","mean_expr":0.1506556684818177,"baseline_mean":0.050401635400403454,"fold_change":2.989102779800112},{"rank":10,"gene":"serpina1","mean_expr":0.13681109419668253,"baseline_mean":0.04881756301817148,"fold_change":2.802497415648483},{"rank":11,"gene":"aqp3","mean_expr":0.149886881982958,"baseline_mean":0.0541124435200727,"fold_change":2.769915240056722},{"rank":12,"gene":"s100a14","mean_expr":0.14800761704753404,"baseline_mean":0.054460219614376686,"fold_change":2.71771979796538},{"rank":13,"gene":"krt8","mean_expr":0.14801529018142787,"baseline_mean":0.05539302554765493,"fold_change":2.672092537247121},{"rank":14,"gene":"cftr","mean_expr":0.07305893680289766,"baseline_mean":0.027603926824492822,"fold_change":2.6466863670306804},{"rank":15,"gene":"mall","mean_expr":0.07507755319960872,"baseline_mean":0.028433742708547965,"fold_change":2.6404386495710375},{"rank":16,"gene":"fasn","mean_expr":0.14958789956852805,"baseline_mean":0.057394941274686834,"fold_change":2.606290663363768},{"rank":17,"gene":"agr3","mean_expr":0.08341055344500374,"baseline_mean":0.03293854598463611,"fold_change":2.5323083017662604},{"rank":18,"gene":"fxyd2","mean_expr":0.059662281661420256,"baseline_mean":0.023701085235671496,"fold_change":2.517280583069044},{"rank":19,"gene":"mybpc1","mean_expr":0.17465786126966265,"baseline_mean":0.06951504004257492,"fold_change":2.5125190341930663}],"enrichments":{"GO_Biological_Process_2023":{"term":"Water Transport (GO:0006833)","p":1.573163614084987e-05,"fdr":0.001933683546806784,"overlap":"2/18"},"KEGG_2021_Human":{"term":"Pancreatic secretion","p":3.5665267165384173e-08,"fdr":3.1742087777191915e-06,"overlap":"4/102"},"Reactome_2022":{"term":"Transport Of Small Molecules R-HSA-382551","p":2.7967499141766655e-06,"fdr":0.0006124882312046897,"overlap":"5/705"},"PanglaoDB_Augmented_2021":{"term":"Luminal Epithelial Cells","p":2.2556826282783787e-14,"fdr":8.233241593216082e-13,"overlap":"7/140"},"CellMarker_Augmented_2021":{"term":"Progenitor cell:Prostate","p":8.307966833982013e-13,"fdr":8.889524512360755e-11,"overlap":"6/104"}},"domains":{"level_7":{"top_domain":"D1014","top_domain_lb":"Pancreatic Stellate Cells","top_domain_frac":0.25225225225225223,"corpus_frac":0.1205664560129552,"log2_enrichment":1.065038567750179,"fdr":4.106384392237316e-36,"n_top_cells":1221},"level_12":{"top_domain":"D1003","top_domain_lb":"Endothelial Cells","top_domain_frac":0.266994266994267,"corpus_frac":0.03768124332017236,"log2_enrichment":2.8248902576213504,"fdr":5.921886991814505e-173,"n_top_cells":1221},"level_20":{"top_domain":"D1003","top_domain_lb":"Endothelial Cells","top_domain_frac":0.2915642915642916,"corpus_frac":0.08963304007090091,"log2_enrichment":1.7017114954481196,"fdr":7.9109860702649e-90,"n_top_cells":1221}},"causal":null,"morans":null,"module":{"module_id":4,"P_i":0.0002697893651202321}}