{"surface":"aggregator","feature_idx":126,"lb":"Cardiac Stem And Precursor Cells","sig":31.08,"sig_bio":5.74,"sig_niche":24.34,"validation":{"prototype_alignment":{"max_abs_cos":0.29984402656555176,"best_prototype_idx":127,"signed_cos_to_best":0.29984402656555176},"spatial_coherence":{"morans_i_mean":0.5125921785831451,"morans_i_median":0.4264531135559082,"n_slides":15},"confounds":{"tissue_fdr":0.0,"tech_fdr":0.0,"slide_fdr":0.0,"tissue_concentrated":true,"tech_concentrated":true,"slide_concentrated":true},"graph_ablation":{"mean_abs_full":0.003296043401950797,"mean_abs_isolated":0.007191267961939564,"contextual_dependency":-1.1817880060934083},"confounds_effect_size":{"tissue_max_share":1.0,"tissue_max_ratio":5.3668131177478555,"tissue_top_class":"uterine","tech_max_share":1.0,"tech_max_ratio":5.3668131177478555,"tech_top_class":"merscope","slide_max_ratio":5.3668131177478555,"tissue_concentrated_es":true,"tech_concentrated_es":true,"slide_concentrated_es":true,"tech_specific":true},"confound_survival":{"baseline_l7_top_class":"D1013","baseline_l7_top_frac":1.0,"tech_resid_same_class_frac":1.0,"l20_resid_same_class_frac":1.0,"survives_slide":true,"survives_tech":true,"survives_l20":true,"survives_all":true},"graph_ablation_v2":{"mean_abs_full":0.0023786666779699226,"mean_abs_self_loop":0.0011132356924431397,"mean_abs_self_loop_norm":0.0011132356924431397,"mean_abs_random_rewire":0.0011155320713684446,"dep_self_loop":0.5319917234502008,"dep_self_loop_norm":0.5319917234502008,"dep_random_rewire":0.5310263175164595},"prototype_domain_ablation":{"n_cells":200,"mean_cos_full_vs_ablated":0.994710385799408,"mean_conf_drop":0.0035436460748314857,"proto_reassign_rate":1.0,"l7_reassign_rate":0.115,"l20_reassign_rate":0.445}},"alive":true,"n_active_cells":426167,"mean_abs":0.007169313728809357,"max_abs":0.3504897356033325,"top_tissue":"uterine","top_tissue_frac":0.9679386614225424,"top_tech":"merscope","top_tech_frac":0.9679386614225424,"tech_confound":true,"top_genes_summary":"lox,fzd7,ca9,pdk1,sox2","top_genes":[{"rank":0,"gene":"lox","mean_expr":0.38444270654752294,"baseline_mean":0.017686367111718008,"fold_change":21.73666893371293},{"rank":1,"gene":"fzd7","mean_expr":0.8143733348286145,"baseline_mean":0.037513285992315064,"fold_change":21.708930937040446},{"rank":2,"gene":"ca9","mean_expr":0.1604747893206188,"baseline_mean":0.009119829570572025,"fold_change":17.5962487104409},{"rank":3,"gene":"pdk1","mean_expr":0.567501215365148,"baseline_mean":0.03831003820116679,"fold_change":14.813381609936998},{"rank":4,"gene":"sox2","mean_expr":0.8813838401692589,"baseline_mean":0.060972895144889905,"fold_change":14.45533852500896},{"rank":5,"gene":"atf3","mean_expr":0.6127835244868312,"baseline_mean":0.04398829654396006,"fold_change":13.930603652142814},{"rank":6,"gene":"amotl2","mean_expr":0.5356862939637561,"baseline_mean":0.03865342679762564,"fold_change":13.85870124189511},{"rank":7,"gene":"pdgfb","mean_expr":0.20783984237143605,"baseline_mean":0.015407459282512295,"fold_change":13.489559735999919},{"rank":8,"gene":"plod2","mean_expr":0.2609073505100865,"baseline_mean":0.01972033855002266,"fold_change":13.230368730651772},{"rank":9,"gene":"tnfrsf13c","mean_expr":0.2989984212575697,"baseline_mean":0.025544876742858526,"fold_change":11.704829280147512},{"rank":10,"gene":"epha2","mean_expr":0.16103680767433134,"baseline_mean":0.013870980002142893,"fold_change":11.609620059249828},{"rank":11,"gene":"vegfa","mean_expr":1.4376191372024012,"baseline_mean":0.12537486701677664,"fold_change":11.466565599706923},{"rank":12,"gene":"xcr1","mean_expr":0.0832623968543061,"baseline_mean":0.007670748420512823,"fold_change":10.854533650412646},{"rank":13,"gene":"ddit3","mean_expr":0.4438191118143844,"baseline_mean":0.04251521282541488,"fold_change":10.4390659794387},{"rank":14,"gene":"fosl1","mean_expr":0.12005571608751286,"baseline_mean":0.011506313204359304,"fold_change":10.433899543254944},{"rank":15,"gene":"epha4","mean_expr":0.23769946675486298,"baseline_mean":0.02301678887554762,"fold_change":10.327221057642324},{"rank":16,"gene":"cebpb","mean_expr":0.9446959214836212,"baseline_mean":0.0917857941938551,"fold_change":10.29239796616443},{"rank":17,"gene":"tnfrsf18","mean_expr":0.09037996027004595,"baseline_mean":0.008813823341507205,"fold_change":10.254342158688033},{"rank":18,"gene":"ifitm1","mean_expr":0.48189616477141506,"baseline_mean":0.04743934583239901,"fold_change":10.158153665818489},{"rank":19,"gene":"notch1","mean_expr":0.6801250688262838,"baseline_mean":0.06946787041458921,"fold_change":9.790498323429937}],"enrichments":{"GO_Biological_Process_2023":{"term":"Positive Regulation Of DNA-templated Transcription (GO:0045893)","p":8.088976163343426e-11,"fdr":2.576338908024881e-08,"overlap":"9/1237"},"KEGG_2021_Human":{"term":"MAPK signaling pathway","p":2.45796389939232e-06,"fdr":0.0001720574729574624,"overlap":"4/294"},"Reactome_2022":{"term":"Response Of EIF2AK1 (HRI) To Heme Deficiency R-HSA-9648895","p":1.3883289743150263e-08,"fdr":1.999193723013638e-06,"overlap":"3/15"},"PanglaoDB_Augmented_2021":{"term":"Cardiac Stem And Precursor Cells","p":5.3912906809062165e-08,"fdr":1.8330388315081137e-06,"overlap":"4/113"},"CellMarker_Augmented_2021":{"term":"Decidual cell:Placenta","p":6.943060528172807e-13,"fdr":1.291409258240142e-10,"overlap":"6/101"}},"domains":{"level_7":{"top_domain":"D1013","top_domain_lb":"Cardiac Stem And Precursor Cells","top_domain_frac":1.0,"corpus_frac":0.19602505925533276,"log2_enrichment":2.3508899930356337,"fdr":0.0,"n_top_cells":4525},"level_12":{"top_domain":"D1004","top_domain_lb":"Osteoclasts","top_domain_frac":0.7169060773480663,"corpus_frac":0.05449634569098225,"log2_enrichment":3.7175527009534735,"fdr":0.0,"n_top_cells":4525},"level_20":{"top_domain":"D987","top_domain_lb":"Osteoclasts","top_domain_frac":0.7169060773480663,"corpus_frac":0.02453646940078259,"log2_enrichment":4.868784488545169,"fdr":0.0,"n_top_cells":4525}},"causal":{"ablation_effect":0.0005508065223693848,"mean_l2_drop":0.005056886002421379,"slide":"Xenium_V1_hSkin_nondiseased_section_1_FFPE_outs"},"morans":{"morans_i":0.8295013904571533,"n_active":8015,"slide":"Xenium_V1_hSkin_nondiseased_section_1_FFPE_outs"},"module":{"module_id":13,"P_i":0.0941648855805397}}