{"surface":"aggregator","feature_idx":132,"lb":"Macrophages","sig":39.28,"sig_bio":11.02,"sig_niche":27.26,"validation":{"prototype_alignment":{"max_abs_cos":0.4468427300453186,"best_prototype_idx":57,"signed_cos_to_best":0.4468427300453186},"spatial_coherence":{"morans_i_mean":0.6844645659128825,"morans_i_median":0.6759200096130371,"n_slides":15},"confounds":{"tissue_fdr":0.0,"tech_fdr":0.0,"slide_fdr":0.0,"tissue_concentrated":true,"tech_concentrated":true,"slide_concentrated":true},"graph_ablation":{"mean_abs_full":0.05104371807987823,"mean_abs_isolated":0.08532253950987875,"contextual_dependency":-0.6715580823551617},"confounds_effect_size":{"tissue_max_share":0.9953591160220995,"tissue_max_ratio":5.341906360737313,"tissue_top_class":"uterine","tech_max_share":0.9953591160220995,"tech_max_ratio":5.341906360737313,"tech_top_class":"merscope","slide_max_ratio":5.341906360737313,"tissue_concentrated_es":true,"tech_concentrated_es":true,"slide_concentrated_es":true,"tech_specific":true},"confound_survival":{"baseline_l7_top_class":"D1011","baseline_l7_top_frac":0.9940331491712707,"tech_resid_same_class_frac":0.9940331491712707,"l20_resid_same_class_frac":0.9575690607734807,"survives_slide":true,"survives_tech":true,"survives_l20":true,"survives_all":true},"graph_ablation_v2":{"mean_abs_full":0.029768364530459546,"mean_abs_self_loop":0.03486770929388741,"mean_abs_self_loop_norm":0.03486770929388741,"mean_abs_random_rewire":0.03488893744142243,"dep_self_loop":-0.1713008035160991,"dep_self_loop_norm":-0.1713008035160991,"dep_random_rewire":-0.17201391449380485},"prototype_domain_ablation":{"n_cells":200,"mean_cos_full_vs_ablated":0.9648966193199158,"mean_conf_drop":-6.672859308309853e-05,"proto_reassign_rate":0.41,"l7_reassign_rate":0.26,"l20_reassign_rate":0.365}},"alive":true,"n_active_cells":2391425,"mean_abs":0.05266883224248886,"max_abs":1.0662816762924194,"top_tissue":"uterine","top_tissue_frac":0.8025719778155865,"top_tech":"merscope","top_tech_frac":0.8025719778155865,"tech_confound":true,"top_genes_summary":"ccl22,mmp12,il4i1,zbed2,eomes","top_genes":[{"rank":0,"gene":"ccl22","mean_expr":0.22189125352368916,"baseline_mean":0.005672435145899086,"fold_change":39.11745975343702},{"rank":1,"gene":"mmp12","mean_expr":0.20126189217660362,"baseline_mean":0.0068215097111369765,"fold_change":29.504010211701107},{"rank":2,"gene":"il4i1","mean_expr":0.38322780765698455,"baseline_mean":0.016400057491161506,"fold_change":23.36746733135038},{"rank":3,"gene":"zbed2","mean_expr":0.1335999371494216,"baseline_mean":0.006025337892399779,"fold_change":22.173019926059492},{"rank":4,"gene":"eomes","mean_expr":0.08820323110560256,"baseline_mean":0.003979707056608256,"fold_change":22.163247156381058},{"rank":5,"gene":"lamb3","mean_expr":0.27374514495570684,"baseline_mean":0.012882970307902314,"fold_change":21.248604818082498},{"rank":6,"gene":"itgb2","mean_expr":0.4041675488216134,"baseline_mean":0.021002615396017773,"fold_change":19.24367709453205},{"rank":7,"gene":"hla-dqa1","mean_expr":0.46568736871630373,"baseline_mean":0.024581330057883186,"fold_change":18.944758791315227},{"rank":8,"gene":"csf3r","mean_expr":0.1168191523915104,"baseline_mean":0.006262471085520465,"fold_change":18.653842995237035},{"rank":9,"gene":"pdcd1","mean_expr":0.11858998793040244,"baseline_mean":0.006520857479341994,"fold_change":18.186256685734083},{"rank":10,"gene":"cmklr1","mean_expr":0.15323681373605402,"baseline_mean":0.008802256060925514,"fold_change":17.408811181521333},{"rank":11,"gene":"mmp9","mean_expr":0.15835742376204662,"baseline_mean":0.009115177731218503,"fold_change":17.37293867783724},{"rank":12,"gene":"tnfsf9","mean_expr":0.0743842339004678,"baseline_mean":0.004599956350113182,"fold_change":16.170639075442004},{"rank":13,"gene":"lyz","mean_expr":0.9081793139170586,"baseline_mean":0.0570164707979453,"fold_change":15.928367736674902},{"rank":14,"gene":"cxcr6","mean_expr":0.1043533976242742,"baseline_mean":0.006644618338952592,"fold_change":15.704949825714698},{"rank":15,"gene":"ccl4","mean_expr":0.10078732139085893,"baseline_mean":0.00644468289792983,"fold_change":15.638833281189672},{"rank":16,"gene":"hla-dpa1","mean_expr":0.16015972262308764,"baseline_mean":0.010394059083122631,"fold_change":15.40877546897412},{"rank":17,"gene":"cxcl8","mean_expr":0.05650445194698488,"baseline_mean":0.003692796324623374,"fold_change":15.301264131524428},{"rank":18,"gene":"c1qc","mean_expr":0.5671288135767009,"baseline_mean":0.037385467018944636,"fold_change":15.169766724842976},{"rank":19,"gene":"ido1","mean_expr":0.7639954106149429,"baseline_mean":0.051598518492869644,"fold_change":14.806537724925548}],"enrichments":{"GO_Biological_Process_2023":{"term":"Inflammatory Response (GO:0006954)","p":1.1702157463984924e-10,"fdr":3.545753711587432e-08,"overlap":"6/235"},"KEGG_2021_Human":{"term":"Cytokine-cytokine receptor interaction","p":4.401859079162583e-10,"fdr":3.917654580454699e-08,"overlap":"6/293"},"Reactome_2022":{"term":"Immune System R-HSA-168256","p":2.015189060708673e-15,"fdr":1.934581498280326e-13,"overlap":"13/1927"},"PanglaoDB_Augmented_2021":{"term":"Macrophages","p":3.262570431330914e-13,"fdr":9.624582772426197e-12,"overlap":"7/204"},"CellMarker_Augmented_2021":{"term":"Paneth cell:Large Intestine","p":8.3197343740914e-21,"fdr":2.3960834997383234e-18,"overlap":"11/310"}},"domains":{"level_7":{"top_domain":"D1011","top_domain_lb":"Macrophages","top_domain_frac":0.9940331491712707,"corpus_frac":0.0935691806424257,"log2_enrichment":3.4091886244917027,"fdr":0.0,"n_top_cells":4525},"level_12":{"top_domain":"D1011","top_domain_lb":"Macrophages","top_domain_frac":0.9940331491712707,"corpus_frac":0.13315066023267288,"log2_enrichment":2.9002343721984034,"fdr":0.0,"n_top_cells":4525},"level_20":{"top_domain":"D988","top_domain_lb":"Macrophages","top_domain_frac":0.585635359116022,"corpus_frac":0.0133703717370347,"log2_enrichment":5.452891074513111,"fdr":0.0,"n_top_cells":4525}},"causal":{"ablation_effect":0.001613914966583252,"mean_l2_drop":0.06916375458240509,"slide":"Xenium_V1_hSkin_nondiseased_section_1_FFPE_outs"},"morans":{"morans_i":0.9344983100891113,"n_active":38160,"slide":"Xenium_V1_hSkin_nondiseased_section_1_FFPE_outs"},"module":{"module_id":14,"P_i":0.5284037590026855}}