{"surface":"aggregator","feature_idx":1355,"lb":"T Cells","sig":42.65,"sig_bio":9.39,"sig_niche":32.26,"validation":{"prototype_alignment":{"max_abs_cos":0.28757330775260925,"best_prototype_idx":270,"signed_cos_to_best":0.28757330775260925},"spatial_coherence":{"morans_i_mean":0.5042036931429591,"morans_i_median":0.47709785401821136,"n_slides":14},"confounds":{"tissue_fdr":0.0,"tech_fdr":1.3703227446830107e-256,"slide_fdr":0.0,"tissue_concentrated":true,"tech_concentrated":true,"slide_concentrated":true},"graph_ablation":{"mean_abs_full":0.0023844624163886054,"mean_abs_isolated":0.0020111687556155938,"contextual_dependency":0.1565525454321837},"confounds_effect_size":{"tissue_max_share":0.8561325966850829,"tissue_max_ratio":6.74024734687416,"tissue_top_class":"breast","tech_max_share":0.9995580110497237,"tech_max_ratio":1.2621204412145366,"tech_top_class":"xenium","slide_max_ratio":6.74024734687416,"tissue_concentrated_es":true,"tech_concentrated_es":false,"slide_concentrated_es":true,"tech_specific":false},"confound_survival":{"baseline_l7_top_class":"D1004","baseline_l7_top_frac":0.8561325966850829,"tech_resid_same_class_frac":0.8561325966850829,"l20_resid_same_class_frac":0.7451933701657458,"survives_slide":true,"survives_tech":true,"survives_l20":true,"survives_all":true},"graph_ablation_v2":{"mean_abs_full":0.0005855811212046099,"mean_abs_self_loop":0.0006041675677032117,"mean_abs_self_loop_norm":0.0006041675677032117,"mean_abs_random_rewire":0.0006059160236368551,"dep_self_loop":-0.03174017369338556,"dep_self_loop_norm":-0.03174017369338556,"dep_random_rewire":-0.034726021205079054},"prototype_domain_ablation":{"n_cells":200,"mean_cos_full_vs_ablated":0.9973479509353638,"mean_conf_drop":6.439626304199919e-05,"proto_reassign_rate":0.325,"l7_reassign_rate":0.325,"l20_reassign_rate":0.325}},"alive":true,"n_active_cells":95359,"mean_abs":0.0020058536902070045,"max_abs":0.37386494874954224,"top_tissue":"breast","top_tissue_frac":0.4366617318867799,"top_tech":"xenium","top_tech_frac":0.9140685418830237,"tech_confound":true,"top_genes_summary":"ltb,il2rg,tcf7,fam49a,cd79b","top_genes":[{"rank":0,"gene":"ltb","mean_expr":0.28840902254726347,"baseline_mean":0.004376931918612337,"fold_change":65.89296518888983},{"rank":1,"gene":"il2rg","mean_expr":0.3178167353677486,"baseline_mean":0.006848274834105473,"fold_change":46.40829158680547},{"rank":2,"gene":"tcf7","mean_expr":0.11807124859720304,"baseline_mean":0.0032535630070522517,"fold_change":36.289830054398216},{"rank":3,"gene":"fam49a","mean_expr":0.07414288431241367,"baseline_mean":0.002220080003912758,"fold_change":33.39649210016814},{"rank":4,"gene":"cd79b","mean_expr":0.158904656237849,"baseline_mean":0.0054452727865690635,"fold_change":29.182129613376272},{"rank":5,"gene":"lpxn","mean_expr":0.25222866669544197,"baseline_mean":0.008863141225965522,"fold_change":28.458157245256462},{"rank":6,"gene":"adh1b","mean_expr":0.07114230161213743,"baseline_mean":0.002881259491450556,"fold_change":24.691389936670085},{"rank":7,"gene":"smap2","mean_expr":0.3269121471426105,"baseline_mean":0.013508954588900777,"fold_change":24.199662897024464},{"rank":8,"gene":"ldhb","mean_expr":0.23813514330110497,"baseline_mean":0.01156431271039749,"fold_change":20.592243505054764},{"rank":9,"gene":"apobec3b","mean_expr":0.07475695193801796,"baseline_mean":0.004036949683649057,"fold_change":18.518177781805807},{"rank":10,"gene":"itm2c","mean_expr":0.21846141499050414,"baseline_mean":0.012549908984269697,"fold_change":17.407410305869785},{"rank":11,"gene":"s100a4","mean_expr":0.25724941190435086,"baseline_mean":0.015091846996950728,"fold_change":17.04558838665191},{"rank":12,"gene":"tifa","mean_expr":0.09383505130999654,"baseline_mean":0.006152080925765524,"fold_change":15.252571031210929},{"rank":13,"gene":"zeb2","mean_expr":0.3329100753194061,"baseline_mean":0.023540083988612986,"fold_change":14.14226370137185},{"rank":14,"gene":"fam107b","mean_expr":0.4602204549378453,"baseline_mean":0.03591012398605949,"fold_change":12.815897130193854},{"rank":15,"gene":"map3k8","mean_expr":0.07848030553996892,"baseline_mean":0.006347926518763285,"fold_change":12.363140201449369},{"rank":16,"gene":"tuba4a","mean_expr":0.10895099787422306,"baseline_mean":0.008817019959287749,"fold_change":12.356895910103427},{"rank":17,"gene":"cd3g","mean_expr":0.12344061582786602,"baseline_mean":0.010197142054178482,"fold_change":12.105412984541465},{"rank":18,"gene":"fcer1g","mean_expr":0.23576991971685082,"baseline_mean":0.022593177433332282,"fold_change":10.435447621856568},{"rank":19,"gene":"rhoh","mean_expr":0.09350350564356008,"baseline_mean":0.009506060452599753,"fold_change":9.83619934985669}],"enrichments":{"GO_Biological_Process_2023":{"term":"T Cell Differentiation (GO:0030217)","p":3.9135780225673066e-07,"fdr":5.3942039985055393e-05,"overlap":"3/46"},"KEGG_2021_Human":{"term":"Pyruvate metabolism","p":9.951208225419832e-05,"fdr":0.003831215166786635,"overlap":"2/47"},"Reactome_2022":{"term":"Immune System R-HSA-168256","p":1.158258088748656e-06,"fdr":0.00013204142211734678,"overlap":"7/1927"},"PanglaoDB_Augmented_2021":{"term":"T Cells","p":9.702243964264454e-12,"fdr":4.074942464991071e-10,"overlap":"6/165"},"CellMarker_Augmented_2021":{"term":"Naive B cell:Blood","p":2.856909546968266e-08,"fdr":2.6585130506510257e-07,"overlap":"4/102"}},"domains":{"level_7":{"top_domain":"D1004","top_domain_lb":"T Cells","top_domain_frac":0.8561325966850829,"corpus_frac":0.007478976426685239,"log2_enrichment":6.838849418928708,"fdr":0.0,"n_top_cells":4525},"level_12":{"top_domain":"D1004","top_domain_lb":"Osteoclasts","top_domain_frac":0.8561325966850829,"corpus_frac":0.05449634569098225,"log2_enrichment":3.973602835012194,"fdr":0.0,"n_top_cells":4525},"level_20":{"top_domain":"D982","top_domain_lb":"T Cells","top_domain_frac":0.7029834254143646,"corpus_frac":0.008030265902712764,"log2_enrichment":6.451898926869901,"fdr":0.0,"n_top_cells":4525}},"causal":{"ablation_effect":0.0005467534065246582,"mean_l2_drop":0.0005040045361965895,"slide":"Xenium_V1_hSkin_nondiseased_section_1_FFPE_outs"},"morans":{"morans_i":0.4341956675052643,"n_active":828,"slide":"Xenium_V1_hSkin_nondiseased_section_1_FFPE_outs"},"module":{"module_id":8,"P_i":0.02107030525803566}}