{"surface":"aggregator","feature_idx":1398,"lb":"Sebocytes","sig":29.51,"sig_bio":5.62,"sig_niche":22.9,"validation":{"prototype_alignment":{"max_abs_cos":0.2987884283065796,"best_prototype_idx":438,"signed_cos_to_best":-0.2987884283065796},"spatial_coherence":{"morans_i_mean":0.3554418365160624,"morans_i_median":0.2554008960723877,"n_slides":15},"confounds":{"tissue_fdr":0.0,"tech_fdr":0.0,"slide_fdr":0.0,"tissue_concentrated":true,"tech_concentrated":true,"slide_concentrated":true},"graph_ablation":{"mean_abs_full":0.0017331511408563288,"mean_abs_isolated":0.008317423178628726,"contextual_dependency":-3.799017802059195},"confounds_effect_size":{"tissue_max_share":1.0,"tissue_max_ratio":5.3668131177478555,"tissue_top_class":"uterine","tech_max_share":1.0,"tech_max_ratio":5.3668131177478555,"tech_top_class":"merscope","slide_max_ratio":5.3668131177478555,"tissue_concentrated_es":true,"tech_concentrated_es":true,"slide_concentrated_es":true,"tech_specific":true},"confound_survival":{"baseline_l7_top_class":"D1011","baseline_l7_top_frac":0.965524861878453,"tech_resid_same_class_frac":0.965524861878453,"l20_resid_same_class_frac":0.6744751381215469,"survives_slide":true,"survives_tech":true,"survives_l20":true,"survives_all":true},"graph_ablation_v2":{"mean_abs_full":0.0004927762087562412,"mean_abs_self_loop":0.00029760401851941704,"mean_abs_self_loop_norm":0.00029760401851941704,"mean_abs_random_rewire":0.00029850426631400297,"dep_self_loop":0.39606658513290544,"dep_self_loop_norm":0.39606658513290544,"dep_random_rewire":0.39423969540367493},"prototype_domain_ablation":{"n_cells":200,"mean_cos_full_vs_ablated":0.9948061108589172,"mean_conf_drop":0.0006820145063102245,"proto_reassign_rate":0.605,"l7_reassign_rate":0.45,"l20_reassign_rate":0.45}},"alive":true,"n_active_cells":231362,"mean_abs":0.005689604673534632,"max_abs":0.4240914285182953,"top_tissue":"uterine","top_tissue_frac":0.999580175442473,"top_tech":"merscope","top_tech_frac":0.999580175442473,"tech_confound":true,"top_genes_summary":"tnfsf9,lamb3,serpina1,cxcl8,nos3","top_genes":[{"rank":0,"gene":"tnfsf9","mean_expr":0.14309003847124016,"baseline_mean":0.004599956350113182,"fold_change":31.106825278400613},{"rank":1,"gene":"lamb3","mean_expr":0.2721680677015896,"baseline_mean":0.012882970307902314,"fold_change":21.126189162653258},{"rank":2,"gene":"serpina1","mean_expr":0.994139723187296,"baseline_mean":0.04881756301817148,"fold_change":20.364386538861947},{"rank":3,"gene":"cxcl8","mean_expr":0.07505592391668293,"baseline_mean":0.003692796324623374,"fold_change":20.32495629835145},{"rank":4,"gene":"nos3","mean_expr":0.3008614851372809,"baseline_mean":0.01592355789931991,"fold_change":18.89411192144003},{"rank":5,"gene":"ccl22","mean_expr":0.09992975131859948,"baseline_mean":0.005672435145899086,"fold_change":17.61672875023422},{"rank":6,"gene":"csf3r","mean_expr":0.10870993657895056,"baseline_mean":0.006262471085520465,"fold_change":17.358952256130987},{"rank":7,"gene":"cx3cl1","mean_expr":0.12368279611530397,"baseline_mean":0.00723546762090718,"fold_change":17.093960279487323},{"rank":8,"gene":"il6r","mean_expr":0.29356541859814317,"baseline_mean":0.017329004432197075,"fold_change":16.940697300111612},{"rank":9,"gene":"mmp9","mean_expr":0.14631550607353247,"baseline_mean":0.009115177731218503,"fold_change":16.051854433119566},{"rank":10,"gene":"nrp1","mean_expr":0.6721834674902392,"baseline_mean":0.04307059020046713,"fold_change":15.606553436153026},{"rank":11,"gene":"cxcl1","mean_expr":0.14384161773881515,"baseline_mean":0.01015833466955722,"fold_change":14.159960507098049},{"rank":12,"gene":"il4i1","mean_expr":0.20703970661703133,"baseline_mean":0.016400057491161506,"fold_change":12.624328099374736},{"rank":13,"gene":"s100a9","mean_expr":0.7594150262050826,"baseline_mean":0.061512173536345686,"fold_change":12.345768041449018},{"rank":14,"gene":"csf1","mean_expr":0.3044846520093833,"baseline_mean":0.02529549902693662,"fold_change":12.037107933120604},{"rank":15,"gene":"ido1","mean_expr":0.6057641631087454,"baseline_mean":0.051598518492869644,"fold_change":11.739952634346574},{"rank":16,"gene":"spp1","mean_expr":0.27578224050187616,"baseline_mean":0.024461436630763278,"fold_change":11.274163683217441},{"rank":17,"gene":"prex2","mean_expr":0.23516128719793258,"baseline_mean":0.021600326937075254,"fold_change":10.886931845197992},{"rank":18,"gene":"lamc2","mean_expr":0.6502033250039673,"baseline_mean":0.06095777550647689,"fold_change":10.666454272677353},{"rank":19,"gene":"cdkn1a","mean_expr":0.8501961559227983,"baseline_mean":0.08091346241297596,"fold_change":10.507474659574742}],"enrichments":{"GO_Biological_Process_2023":{"term":"Neutrophil Chemotaxis (GO:0030593)","p":2.5052013436217737e-11,"fdr":6.332987865569139e-09,"overlap":"5/69"},"KEGG_2021_Human":{"term":"Cytokine-cytokine receptor interaction","p":3.209326844351074e-14,"fdr":3.273513381238095e-12,"overlap":"8/293"},"Reactome_2022":{"term":"Cytokine Signaling In Immune System R-HSA-1280215","p":6.410486008151037e-15,"fdr":8.602753601318782e-13,"overlap":"10/699"},"PanglaoDB_Augmented_2021":{"term":"Sebocytes","p":7.836902403238633e-08,"fdr":2.4237871717660872e-06,"overlap":"4/124"},"CellMarker_Augmented_2021":{"term":"Neutrophil:Kidney","p":5.3466772098507726e-11,"fdr":1.5398430364370226e-08,"overlap":"5/80"}},"domains":{"level_7":{"top_domain":"D1011","top_domain_lb":"Macrophages","top_domain_frac":0.965524861878453,"corpus_frac":0.0935691806424257,"log2_enrichment":3.3672080692009563,"fdr":0.0,"n_top_cells":4525},"level_12":{"top_domain":"D1011","top_domain_lb":"Macrophages","top_domain_frac":0.965524861878453,"corpus_frac":0.13315066023267288,"log2_enrichment":2.858253816907657,"fdr":0.0,"n_top_cells":4525},"level_20":{"top_domain":"D989","top_domain_lb":"Sebocytes","top_domain_frac":0.965524861878453,"corpus_frac":0.040380904569913556,"log2_enrichment":4.57956824038261,"fdr":0.0,"n_top_cells":4525}},"causal":{"ablation_effect":0.0005462765693664551,"mean_l2_drop":0.000263297202764079,"slide":"Xenium_V1_hSkin_nondiseased_section_1_FFPE_outs"},"morans":{"morans_i":0.2514197528362274,"n_active":586,"slide":"Xenium_V1_hSkin_nondiseased_section_1_FFPE_outs"},"module":{"module_id":1,"P_i":0.051121216267347336}}