{"surface":"aggregator","feature_idx":1418,"lb":"T Regulatory Cells","sig":61.8,"sig_bio":32.17,"sig_niche":28.63,"validation":{"prototype_alignment":{"max_abs_cos":0.28826358914375305,"best_prototype_idx":485,"signed_cos_to_best":0.28826358914375305},"spatial_coherence":{"morans_i_mean":0.3266509105761846,"morans_i_median":0.24325227737426758,"n_slides":15},"confounds":{"tissue_fdr":0.0,"tech_fdr":1.1151599047830973e-257,"slide_fdr":0.0,"tissue_concentrated":true,"tech_concentrated":true,"slide_concentrated":true},"graph_ablation":{"mean_abs_full":0.004193621460865975,"mean_abs_isolated":0.005988387309734054,"contextual_dependency":-0.4279751679107114},"confounds_effect_size":{"tissue_max_share":0.8342541436464088,"tissue_max_ratio":9.98883075616801,"tissue_top_class":"lymph_node","tech_max_share":1.0,"tech_max_ratio":1.2626785311730662,"tech_top_class":"xenium","slide_max_ratio":9.98883075616801,"tissue_concentrated_es":true,"tech_concentrated_es":false,"slide_concentrated_es":true,"tech_specific":false},"confound_survival":{"baseline_l7_top_class":"D975","baseline_l7_top_frac":0.8342541436464088,"tech_resid_same_class_frac":0.8342541436464088,"l20_resid_same_class_frac":0.7907182320441989,"survives_slide":true,"survives_tech":true,"survives_l20":true,"survives_all":true},"graph_ablation_v2":{"mean_abs_full":0.00030653653924787866,"mean_abs_self_loop":9.096929086244465e-05,"mean_abs_self_loop_norm":9.096929086244465e-05,"mean_abs_random_rewire":9.087309890662385e-05,"dep_self_loop":0.7032350822331072,"dep_self_loop_norm":0.7032350822331072,"dep_random_rewire":0.7035488848096508},"prototype_domain_ablation":{"n_cells":200,"mean_cos_full_vs_ablated":0.9985387921333313,"mean_conf_drop":0.002065027132630348,"proto_reassign_rate":0.095,"l7_reassign_rate":0.09,"l20_reassign_rate":0.07}},"alive":true,"n_active_cells":178732,"mean_abs":0.0025293410290032625,"max_abs":0.1641714870929718,"top_tissue":"lymph_node","top_tissue_frac":0.598515146828115,"top_tech":"xenium","top_tech_frac":0.9985637580926707,"tech_confound":true,"top_genes_summary":"ccr7,cd247,il7r,cd3d,cd28","top_genes":[{"rank":0,"gene":"ccr7","mean_expr":0.6408607912853936,"baseline_mean":0.06972164088259598,"fold_change":9.19170551887235},{"rank":1,"gene":"cd247","mean_expr":0.41893162848541093,"baseline_mean":0.05557459175555355,"fold_change":7.538186341126783},{"rank":2,"gene":"il7r","mean_expr":0.8481495759236879,"baseline_mean":0.11610082314833875,"fold_change":7.305284776836001},{"rank":3,"gene":"cd3d","mean_expr":0.6456245953470304,"baseline_mean":0.08952511213076526,"fold_change":7.211659164458749},{"rank":4,"gene":"cd28","mean_expr":0.42655276135186465,"baseline_mean":0.06009129435975126,"fold_change":7.0984119396430705},{"rank":5,"gene":"cd3e","mean_expr":0.7379584313492749,"baseline_mean":0.11607756750019525,"fold_change":6.3574594750879285},{"rank":6,"gene":"cytip","mean_expr":0.7440757861058357,"baseline_mean":0.11987806394753725,"fold_change":6.20693863083632},{"rank":7,"gene":"lamp3","mean_expr":0.24248288317938535,"baseline_mean":0.040932918394486636,"fold_change":5.923908987931973},{"rank":8,"gene":"cd2","mean_expr":0.5466014478483253,"baseline_mean":0.09393588627584229,"fold_change":5.818877848698129},{"rank":9,"gene":"cd69","mean_expr":0.20258858527926452,"baseline_mean":0.03790717662859274,"fold_change":5.344333271353567},{"rank":10,"gene":"trac","mean_expr":0.9913262501079074,"baseline_mean":0.185792812248079,"fold_change":5.335654475073253},{"rank":11,"gene":"sell","mean_expr":0.4770652071283667,"baseline_mean":0.10576323138980588,"fold_change":4.510690538284265},{"rank":12,"gene":"c1orf162","mean_expr":0.22254186472181456,"baseline_mean":0.05008479084660507,"fold_change":4.4433022672171},{"rank":13,"gene":"ctla4","mean_expr":0.17783825616151588,"baseline_mean":0.04008234776621136,"fold_change":4.43682234381066},{"rank":14,"gene":"ccl19","mean_expr":0.20119153439010704,"baseline_mean":0.04583534279192798,"fold_change":4.389441032511241},{"rank":15,"gene":"ptprc","mean_expr":0.909183855425587,"baseline_mean":0.22067592511319584,"fold_change":4.1199956676706835},{"rank":16,"gene":"slamf1","mean_expr":0.11368986351055335,"baseline_mean":0.029518796559735265,"fold_change":3.8514396506811037},{"rank":17,"gene":"dusp2","mean_expr":0.0807114802407955,"baseline_mean":0.021956917730511054,"fold_change":3.6759021111893064},{"rank":18,"gene":"bcl2l11","mean_expr":0.1489247965944406,"baseline_mean":0.041000296890506195,"fold_change":3.632285809835802},{"rank":19,"gene":"gpr183","mean_expr":0.23718674801989814,"baseline_mean":0.06630961934173517,"fold_change":3.5769583715678666}],"enrichments":{"GO_Biological_Process_2023":{"term":"T Cell Activation (GO:0042110)","p":1.1960242326927912e-17,"fdr":3.8511980292707875e-15,"overlap":"8/111"},"KEGG_2021_Human":{"term":"T cell receptor signaling pathway","p":8.307966833982013e-13,"fdr":3.073947728573345e-11,"overlap":"6/104"},"Reactome_2022":{"term":"Phosphorylation Of CD3 And TCR Zeta Chains R-HSA-202427","p":2.0335982291158527e-11,"fdr":9.049512119565545e-10,"overlap":"4/17"},"PanglaoDB_Augmented_2021":{"term":"T Regulatory Cells","p":1.673337664037344e-34,"fdr":6.693350656149376e-33,"overlap":"14/117"},"CellMarker_Augmented_2021":{"term":"Natural Regulatory T (Treg) cell:Peripheral Blood","p":2.1666380307534574e-35,"fdr":8.493221080553554e-33,"overlap":"14/102"}},"domains":{"level_7":{"top_domain":"D975","top_domain_lb":"T Regulatory Cells","top_domain_frac":0.8342541436464088,"corpus_frac":0.0080715849937016,"log2_enrichment":6.69149096073897,"fdr":0.0,"n_top_cells":4525},"level_12":{"top_domain":"D975","top_domain_lb":"T Regulatory Cells","top_domain_frac":0.8342541436464088,"corpus_frac":0.00863745767831342,"log2_enrichment":6.593736234983028,"fdr":0.0,"n_top_cells":4525},"level_20":{"top_domain":"D975","top_domain_lb":"B Cells","top_domain_frac":0.8342541436464088,"corpus_frac":0.01576953050685709,"log2_enrichment":5.725275243653885,"fdr":0.0,"n_top_cells":4525}},"causal":{"ablation_effect":0.0005465149879455566,"mean_l2_drop":0.0003030260559171438,"slide":"Xenium_V1_hSkin_nondiseased_section_1_FFPE_outs"},"morans":{"morans_i":0.5350318551063538,"n_active":458,"slide":"Xenium_V1_hSkin_nondiseased_section_1_FFPE_outs"},"module":{"module_id":4,"P_i":0.03949221223592758}}