{"surface":"aggregator","feature_idx":1426,"lb":"Nuocytes","sig":39.49,"sig_bio":32.56,"sig_niche":5.92,"validation":{"prototype_alignment":{"max_abs_cos":0.43152403831481934,"best_prototype_idx":452,"signed_cos_to_best":0.43152403831481934},"spatial_coherence":{"morans_i_mean":0.11023310851305723,"morans_i_median":0.1031164787709713,"n_slides":8},"confounds":{"tissue_fdr":0.0,"tech_fdr":5.645777952433223e-17,"slide_fdr":0.0,"tissue_concentrated":true,"tech_concentrated":true,"slide_concentrated":true},"graph_ablation":{"mean_abs_full":3.2727432390005663e-05,"mean_abs_isolated":2.2112828742049125e-05,"contextual_dependency":0.32433352917713265},"confounds_effect_size":{"tissue_max_share":0.37679932260795934,"tissue_max_ratio":1.9728416691242125,"tissue_top_class":"tonsil","tech_max_share":0.8405306237651707,"tech_max_ratio":1.0613199734217869,"tech_top_class":"xenium","slide_max_ratio":1.9728416691242125,"tissue_concentrated_es":false,"tech_concentrated_es":false,"slide_concentrated_es":false,"tech_specific":false},"confound_survival":{"baseline_l7_top_class":"D1015","baseline_l7_top_frac":0.7087214225232854,"tech_resid_same_class_frac":0.7087214225232854,"l20_resid_same_class_frac":0.7087214225232854,"survives_slide":false,"survives_tech":true,"survives_l20":true,"survives_all":false},"graph_ablation_v2":{"mean_abs_full":8.211793035139547e-06,"mean_abs_self_loop":0.0,"mean_abs_self_loop_norm":0.0,"mean_abs_random_rewire":0.0,"dep_self_loop":1.0,"dep_self_loop_norm":1.0,"dep_random_rewire":1.0},"prototype_domain_ablation":{"n_cells":200,"mean_cos_full_vs_ablated":0.9996690154075623,"mean_conf_drop":-0.0006742172408849001,"proto_reassign_rate":0.075,"l7_reassign_rate":0.04,"l20_reassign_rate":0.045}},"alive":true,"n_active_cells":3543,"mean_abs":2.777565532596782e-05,"max_abs":0.1584266871213913,"top_tissue":"tonsil","top_tissue_frac":0.37679932260795934,"top_tech":"xenium","top_tech_frac":0.8405306237651707,"tech_confound":true,"top_genes_summary":"gzmk,ptgds,ccl19,cd247,cd28","top_genes":[{"rank":0,"gene":"gzmk","mean_expr":0.09523170221301357,"baseline_mean":0.03632232354444024,"fold_change":2.621850501840773},{"rank":1,"gene":"ptgds","mean_expr":0.25198820756546964,"baseline_mean":0.09949035451674797,"fold_change":2.532790327157298},{"rank":2,"gene":"ccl19","mean_expr":0.11388777984995442,"baseline_mean":0.04583534279192798,"fold_change":2.4847153509237216},{"rank":3,"gene":"cd247","mean_expr":0.13482728110946507,"baseline_mean":0.05557459175555355,"fold_change":2.4260597667097},{"rank":4,"gene":"cd28","mean_expr":0.14567879620288446,"baseline_mean":0.06009129435975126,"fold_change":2.4242912014965534},{"rank":5,"gene":"ctla4","mean_expr":0.09513329814091268,"baseline_mean":0.04008234776621136,"fold_change":2.3734462535926646},{"rank":6,"gene":"cd3d","mean_expr":0.2099875847297658,"baseline_mean":0.08952511213076526,"fold_change":2.345571870639452},{"rank":7,"gene":"cd3e","mean_expr":0.2578211506720358,"baseline_mean":0.11607756750019525,"fold_change":2.221110902169811},{"rank":8,"gene":"mpeg1","mean_expr":0.19751164898793644,"baseline_mean":0.08927211356122039,"fold_change":2.212467489665609},{"rank":9,"gene":"clecl1","mean_expr":0.05204572505679064,"baseline_mean":0.023589246942085345,"fold_change":2.2063326220022894},{"rank":10,"gene":"cd69","mean_expr":0.08342328450621234,"baseline_mean":0.03790717662859274,"fold_change":2.2007253487532905},{"rank":11,"gene":"trac","mean_expr":0.40842825804565036,"baseline_mean":0.185792812248079,"fold_change":2.1982995633883746},{"rank":12,"gene":"sh2d3c","mean_expr":0.05865264669872427,"baseline_mean":0.026978203498496865,"fold_change":2.174075330923803},{"rank":13,"gene":"cd2","mean_expr":0.20322945599283812,"baseline_mean":0.09393588627584229,"fold_change":2.16349112197713},{"rank":14,"gene":"cytip","mean_expr":0.25860031481149875,"baseline_mean":0.11987806394753725,"fold_change":2.1571946217338906},{"rank":15,"gene":"ms4a1","mean_expr":0.3283051720569029,"baseline_mean":0.15486062130531425,"fold_change":2.120004228897128},{"rank":16,"gene":"gzma","mean_expr":0.08015435170302776,"baseline_mean":0.03789893017526632,"fold_change":2.114950246150702},{"rank":17,"gene":"il2ra","mean_expr":0.05660384853268848,"baseline_mean":0.026946030126660452,"fold_change":2.1006377661800553},{"rank":18,"gene":"il7r","mean_expr":0.2434181322359682,"baseline_mean":0.11610082314833875,"fold_change":2.0966098743758232},{"rank":19,"gene":"ccl5","mean_expr":0.13541218927167667,"baseline_mean":0.06484447979078752,"fold_change":2.0882608621206757}],"enrichments":{"GO_Biological_Process_2023":{"term":"T Cell Activation (GO:0042110)","p":1.2380016857067612e-12,"fdr":3.7263850739773513e-10,"overlap":"6/111"},"KEGG_2021_Human":{"term":"Hematopoietic cell lineage","p":5.083818054350504e-13,"fdr":2.186041763370717e-11,"overlap":"6/96"},"Reactome_2022":{"term":"Costimulation By CD28 Family R-HSA-388841","p":1.8427479883400156e-11,"fdr":1.4557709107886124e-09,"overlap":"5/65"},"PanglaoDB_Augmented_2021":{"term":"Nuocytes","p":5.838604200084749e-35,"fdr":2.744143974039832e-33,"overlap":"14/109"},"CellMarker_Augmented_2021":{"term":"CD8+ Regulatory T cell:Undefined","p":3.2282143974618935e-29,"fdr":4.152775042323675e-27,"overlap":"12/102"}},"domains":{"level_7":{"top_domain":"D1015","top_domain_lb":"T Regulatory Cells","top_domain_frac":0.7087214225232854,"corpus_frac":0.26340368111118745,"log2_enrichment":1.4279431469554777,"fdr":0.0,"n_top_cells":3543},"level_12":{"top_domain":"D1010","top_domain_lb":"Basal Cells","top_domain_frac":0.6009031893875247,"corpus_frac":0.20437372521213598,"log2_enrichment":1.5559228427823206,"fdr":0.0,"n_top_cells":3543},"level_20":{"top_domain":"D1002","top_domain_lb":"Osteoblasts","top_domain_frac":0.2986169912503528,"corpus_frac":0.1313445519452785,"log2_enrichment":1.1849398907196222,"fdr":2.4180211103094886e-148,"n_top_cells":3543}},"causal":null,"morans":null,"module":{"module_id":1,"P_i":0.0007828531670384109}}