{"surface":"aggregator","feature_idx":1605,"lb":"T Regulatory Cells","sig":37.1,"sig_bio":20.51,"sig_niche":15.59,"validation":{"prototype_alignment":{"max_abs_cos":0.36139848828315735,"best_prototype_idx":461,"signed_cos_to_best":0.36139848828315735},"spatial_coherence":{"morans_i_mean":0.3772916277604444,"morans_i_median":0.3686046898365021,"n_slides":14},"confounds":{"tissue_fdr":0.0,"tech_fdr":0.0,"slide_fdr":0.0,"tissue_concentrated":true,"tech_concentrated":true,"slide_concentrated":true},"graph_ablation":{"mean_abs_full":0.00017774883789221246,"mean_abs_isolated":0.0006728999432661242,"contextual_dependency":-2.7856784395641063},"confounds_effect_size":{"tissue_max_share":0.9874033149171271,"tissue_max_ratio":5.299209063004954,"tissue_top_class":"uterine","tech_max_share":0.9874033149171271,"tech_max_ratio":5.299209063004954,"tech_top_class":"merscope","slide_max_ratio":5.299209063004954,"tissue_concentrated_es":true,"tech_concentrated_es":true,"slide_concentrated_es":true,"tech_specific":true},"confound_survival":{"baseline_l7_top_class":"D1015","baseline_l7_top_frac":0.9624309392265193,"tech_resid_same_class_frac":0.9608839779005525,"l20_resid_same_class_frac":0.9613259668508287,"survives_slide":true,"survives_tech":true,"survives_l20":true,"survives_all":true},"graph_ablation_v2":{"mean_abs_full":0.00023293882899838805,"mean_abs_self_loop":0.00022813297527719728,"mean_abs_self_loop_norm":0.00022813297527719728,"mean_abs_random_rewire":0.00022792723808609842,"dep_self_loop":0.02063139813081157,"dep_self_loop_norm":0.02063139813081157,"dep_random_rewire":0.021514622245844283},"prototype_domain_ablation":{"n_cells":200,"mean_cos_full_vs_ablated":0.9957087635993958,"mean_conf_drop":0.005433129146695137,"proto_reassign_rate":0.37,"l7_reassign_rate":0.14,"l20_reassign_rate":0.245}},"alive":true,"n_active_cells":68755,"mean_abs":0.0016415630234405398,"max_abs":0.42356133460998535,"top_tissue":"uterine","top_tissue_frac":0.7473540004861127,"top_tech":"merscope","top_tech_frac":0.7473540004861127,"tech_confound":false,"top_genes_summary":"pou2af1,irf4,fcrl5,cd79b,itga4","top_genes":[{"rank":0,"gene":"pou2af1","mean_expr":0.6020124475482016,"baseline_mean":0.006166302300422326,"fold_change":97.62940871500415},{"rank":1,"gene":"irf4","mean_expr":0.6049348641610232,"baseline_mean":0.008416160348626496,"fold_change":71.87777312961337},{"rank":2,"gene":"fcrl5","mean_expr":0.48868084400719275,"baseline_mean":0.007416604180415328,"fold_change":65.89010713253768},{"rank":3,"gene":"cd79b","mean_expr":0.17992524322070505,"baseline_mean":0.0054452727865690635,"fold_change":33.04246642417921},{"rank":4,"gene":"itga4","mean_expr":0.434542723080086,"baseline_mean":0.01483088604382673,"fold_change":29.29984909842672},{"rank":5,"gene":"cd5","mean_expr":0.2127675877569369,"baseline_mean":0.007872139348992032,"fold_change":27.02792447191375},{"rank":6,"gene":"zap70","mean_expr":0.29703056021976204,"baseline_mean":0.011177004587878523,"fold_change":26.57514881419053},{"rank":7,"gene":"icos","mean_expr":0.08544130497107691,"baseline_mean":0.003310574712669691,"fold_change":25.808601945786},{"rank":8,"gene":"ccr4","mean_expr":0.1746121731018805,"baseline_mean":0.006811062998386288,"fold_change":25.636552347739336},{"rank":9,"gene":"itk","mean_expr":0.1666970620208924,"baseline_mean":0.006534591858039921,"fold_change":25.509942417565753},{"rank":10,"gene":"icam2","mean_expr":0.24631538092120364,"baseline_mean":0.00982203278513166,"fold_change":25.077841451931366},{"rank":11,"gene":"trbc1","mean_expr":0.13907212496770283,"baseline_mean":0.0056765765534077485,"fold_change":24.499295245867053},{"rank":12,"gene":"vsir","mean_expr":0.23031085452360417,"baseline_mean":0.00941882533721118,"fold_change":24.452184458045902},{"rank":13,"gene":"icam3","mean_expr":0.5248303371023236,"baseline_mean":0.02170484124175394,"fold_change":24.180335219070823},{"rank":14,"gene":"selplg","mean_expr":0.13205877568102736,"baseline_mean":0.00550793482656579,"fold_change":23.976096275519353},{"rank":15,"gene":"cxcr3","mean_expr":0.09034494121244994,"baseline_mean":0.003788396601376969,"fold_change":23.847804419318784},{"rank":16,"gene":"il2rb","mean_expr":0.28286816561339223,"baseline_mean":0.01201376516770501,"fold_change":23.545338340205674},{"rank":17,"gene":"tigit","mean_expr":0.2287341867495729,"baseline_mean":0.009919373966583985,"fold_change":23.059336962203872},{"rank":18,"gene":"pik3cg","mean_expr":0.32726842262296035,"baseline_mean":0.014641938120226896,"fold_change":22.35144145096885},{"rank":19,"gene":"eomes","mean_expr":0.0885487094366046,"baseline_mean":0.003979707056608256,"fold_change":22.250057146686345}],"enrichments":{"GO_Biological_Process_2023":{"term":"T Cell Activation (GO:0042110)","p":2.8323210842743355e-10,"fdr":5.3530868492784944e-08,"overlap":"5/111"},"KEGG_2021_Human":{"term":"Cell adhesion molecules","p":3.0417512720124625e-14,"fdr":1.3992055851257329e-12,"overlap":"7/146"},"Reactome_2022":{"term":"Adaptive Immune System R-HSA-1280218","p":2.239640950708558e-09,"fdr":1.4565194393369243e-07,"overlap":"7/723"},"PanglaoDB_Augmented_2021":{"term":"T Regulatory Cells","p":8.677416510230734e-23,"fdr":3.1238699436830642e-21,"overlap":"10/117"},"CellMarker_Augmented_2021":{"term":"T Helper2 (Th2) cell:Brain","p":1.873578011859662e-23,"fdr":4.609001909174768e-21,"overlap":"10/101"}},"domains":{"level_7":{"top_domain":"D1015","top_domain_lb":"T Regulatory Cells","top_domain_frac":0.9624309392265193,"corpus_frac":0.26340368111118745,"log2_enrichment":1.8694075098939689,"fdr":0.0,"n_top_cells":4525},"level_12":{"top_domain":"D1010","top_domain_lb":"Basal Cells","top_domain_frac":0.9394475138121547,"corpus_frac":0.20437372521213598,"log2_enrichment":2.2006028243643914,"fdr":0.0,"n_top_cells":4525},"level_20":{"top_domain":"D1001","top_domain_lb":"T Regulatory Cells","top_domain_frac":0.8704972375690607,"corpus_frac":0.1002343698385661,"log2_enrichment":3.1184624209948977,"fdr":0.0,"n_top_cells":4525}},"causal":{"ablation_effect":0.0005462765693664551,"mean_l2_drop":0.00012722908286377788,"slide":"Xenium_V1_hSkin_nondiseased_section_1_FFPE_outs"},"morans":{"morans_i":0.21274077892303467,"n_active":199,"slide":"Xenium_V1_hSkin_nondiseased_section_1_FFPE_outs"},"module":{"module_id":0,"P_i":0.015191947109997272}}