{"surface":"aggregator","feature_idx":1633,"lb":"Clara Cells","sig":48.44,"sig_bio":7.73,"sig_niche":39.71,"validation":{"prototype_alignment":{"max_abs_cos":0.34644660353660583,"best_prototype_idx":433,"signed_cos_to_best":-0.34644660353660583},"spatial_coherence":{"morans_i_mean":0.4395444850126902,"morans_i_median":0.3493073582649231,"n_slides":15},"confounds":{"tissue_fdr":0.0,"tech_fdr":1.1151599047830973e-257,"slide_fdr":0.0,"tissue_concentrated":true,"tech_concentrated":true,"slide_concentrated":true},"graph_ablation":{"mean_abs_full":0.0017814302012250079,"mean_abs_isolated":0.005801075046168634,"contextual_dependency":-2.256414448446816},"confounds_effect_size":{"tissue_max_share":1.0,"tissue_max_ratio":5.2357887892936965,"tissue_top_class":"tonsil","tech_max_share":1.0,"tech_max_ratio":1.2626785311730662,"tech_top_class":"xenium","slide_max_ratio":5.2357887892936965,"tissue_concentrated_es":true,"tech_concentrated_es":false,"slide_concentrated_es":true,"tech_specific":false},"confound_survival":{"baseline_l7_top_class":"D1013","baseline_l7_top_frac":1.0,"tech_resid_same_class_frac":1.0,"l20_resid_same_class_frac":0.0861878453038674,"survives_slide":true,"survives_tech":true,"survives_l20":false,"survives_all":false},"graph_ablation_v2":{"mean_abs_full":0.0006936960214939574,"mean_abs_self_loop":0.0013214576466279663,"mean_abs_self_loop_norm":0.0013214576466279663,"mean_abs_random_rewire":0.0013221093996164477,"dep_self_loop":-0.9049520332869275,"dep_self_loop_norm":-0.9049520332869275,"dep_random_rewire":-0.9058915701565174},"prototype_domain_ablation":{"n_cells":200,"mean_cos_full_vs_ablated":0.9952752590179443,"mean_conf_drop":-0.0035884496755898,"proto_reassign_rate":0.1,"l7_reassign_rate":0.1,"l20_reassign_rate":0.1}},"alive":true,"n_active_cells":130100,"mean_abs":0.002595669124275446,"max_abs":0.37864774465560913,"top_tissue":"tonsil","top_tissue_frac":0.7177011291070995,"top_tech":"xenium","top_tech_frac":0.8877742669642266,"tech_confound":true,"top_genes_summary":"c15orf48,s100a12,serpinb2,gprc5a,aldh1a3","top_genes":[{"rank":0,"gene":"c15orf48","mean_expr":1.0613181975138122,"baseline_mean":0.009857531113480289,"fold_change":107.6657212942952},{"rank":1,"gene":"s100a12","mean_expr":0.9480307967886741,"baseline_mean":0.012214254078178695,"fold_change":77.61675749666719},{"rank":2,"gene":"serpinb2","mean_expr":0.716827143042127,"baseline_mean":0.009825391915400166,"fold_change":72.95659544313783},{"rank":3,"gene":"gprc5a","mean_expr":0.8635459469958564,"baseline_mean":0.01276678451981993,"fold_change":67.64005029263518},{"rank":4,"gene":"aldh1a3","mean_expr":1.0183578642955802,"baseline_mean":0.016606255907907933,"fold_change":61.323748709101615},{"rank":5,"gene":"rnd1","mean_expr":0.37915899624482047,"baseline_mean":0.006301302257506536,"fold_change":60.17152974897224},{"rank":6,"gene":"serpinb3","mean_expr":0.5535981202520718,"baseline_mean":0.01016263881336798,"fold_change":54.4738557001422},{"rank":7,"gene":"apobec3a","mean_expr":0.543918119820442,"baseline_mean":0.010102516669741707,"fold_change":53.83986363017291},{"rank":8,"gene":"sfta2","mean_expr":0.23130940305593922,"baseline_mean":0.0052105455870628,"fold_change":44.39254953075442},{"rank":9,"gene":"klk11","mean_expr":0.5157145092368784,"baseline_mean":0.012806967903947204,"fold_change":40.26827529394615},{"rank":10,"gene":"tmc5","mean_expr":0.2920150369043508,"baseline_mean":0.007682464189182522,"fold_change":38.010595261287335},{"rank":11,"gene":"mall","mean_expr":1.005316924205801,"baseline_mean":0.028433742708547965,"fold_change":35.35647538597074},{"rank":12,"gene":"ehf","mean_expr":1.0397211671270719,"baseline_mean":0.031586340777138545,"fold_change":32.91679699345224},{"rank":13,"gene":"steap4","mean_expr":0.48844332700276244,"baseline_mean":0.0157956550000593,"fold_change":30.92263834585706},{"rank":14,"gene":"upk3b","mean_expr":0.15006798169889501,"baseline_mean":0.005563398690705688,"fold_change":26.974155555236628},{"rank":15,"gene":"sncg","mean_expr":0.11331466084685773,"baseline_mean":0.005483024341582594,"fold_change":20.66645226932389},{"rank":16,"gene":"gdf15","mean_expr":0.13695673989986187,"baseline_mean":0.007723735796716327,"fold_change":17.731929665187113},{"rank":17,"gene":"clca2","mean_expr":0.2298117554385359,"baseline_mean":0.013637514740194015,"fold_change":16.85143956333986},{"rank":18,"gene":"gpc1","mean_expr":0.22527768635618095,"baseline_mean":0.014564027096464332,"fold_change":15.468090306620686},{"rank":19,"gene":"elf5","mean_expr":0.13855769542040747,"baseline_mean":0.009463323673375688,"fold_change":14.641546691489436}],"enrichments":{"GO_Biological_Process_2023":{"term":"Negative Regulation Of Peptidase Activity (GO:0010466)","p":0.00018048898576196045,"fdr":0.00823857844751999,"overlap":"2/60"},"KEGG_2021_Human":{"term":"Amoebiasis","p":0.0327642342542166,"fdr":0.06065303759328913,"overlap":"1/101"},"Reactome_2022":{"term":"Advanced Glycosylation Endproduct Receptor Signaling R-HSA-879415","p":0.004275535781600811,"fdr":0.037414336611684924,"overlap":"1/13"},"PanglaoDB_Augmented_2021":{"term":"Clara Cells","p":3.1006471753182183e-10,"fdr":1.860388305190931e-08,"overlap":"5/113"},"CellMarker_Augmented_2021":{"term":"Limbal Stem cell:Corneal Epithelium","p":6.531894241721561e-13,"fdr":9.079332995992969e-11,"overlap":"6/100"}},"domains":{"level_7":{"top_domain":"D1013","top_domain_lb":"Cardiac Stem And Precursor Cells","top_domain_frac":1.0,"corpus_frac":0.19602505925533276,"log2_enrichment":2.3508899930356337,"fdr":0.0,"n_top_cells":4525},"level_12":{"top_domain":"D948","top_domain_lb":"Clara Cells","top_domain_frac":1.0,"corpus_frac":0.003935035782995669,"log2_enrichment":7.989407164629347,"fdr":0.0,"n_top_cells":4525},"level_20":{"top_domain":"D948","top_domain_lb":"Clara Cells","top_domain_frac":1.0,"corpus_frac":0.004064516998607746,"log2_enrichment":7.942700009388355,"fdr":0.0,"n_top_cells":4525}},"causal":{"ablation_effect":0.0005462765693664551,"mean_l2_drop":0.0004941188963130116,"slide":"Xenium_V1_hSkin_nondiseased_section_1_FFPE_outs"},"morans":{"morans_i":0.335926353931427,"n_active":1037,"slide":"Xenium_V1_hSkin_nondiseased_section_1_FFPE_outs"},"module":{"module_id":9,"P_i":0.028746597468852997}}