{"surface":"aggregator","feature_idx":1645,"lb":"T Regulatory Cells","sig":33.95,"sig_bio":20.45,"sig_niche":12.5,"validation":{"prototype_alignment":{"max_abs_cos":0.5796969532966614,"best_prototype_idx":510,"signed_cos_to_best":-0.5796969532966614},"spatial_coherence":{"morans_i_mean":0.712509024143219,"morans_i_median":0.7079123854637146,"n_slides":15},"confounds":{"tissue_fdr":0.0,"tech_fdr":0.0,"slide_fdr":0.0,"tissue_concentrated":true,"tech_concentrated":true,"slide_concentrated":true},"graph_ablation":{"mean_abs_full":0.22172057183631613,"mean_abs_isolated":0.33081153885247905,"contextual_dependency":-0.49202005079031935},"confounds_effect_size":{"tissue_max_share":0.9995580110497237,"tissue_max_ratio":5.364441045651613,"tissue_top_class":"uterine","tech_max_share":0.9995580110497237,"tech_max_ratio":5.364441045651613,"tech_top_class":"merscope","slide_max_ratio":5.364441045651613,"tissue_concentrated_es":true,"tech_concentrated_es":true,"slide_concentrated_es":true,"tech_specific":true},"confound_survival":{"baseline_l7_top_class":"D1015","baseline_l7_top_frac":0.6923756906077349,"tech_resid_same_class_frac":0.6899447513812155,"l20_resid_same_class_frac":0.845524861878453,"survives_slide":true,"survives_tech":true,"survives_l20":true,"survives_all":true},"graph_ablation_v2":{"mean_abs_full":0.18404173171788268,"mean_abs_self_loop":0.1307161007886787,"mean_abs_self_loop_norm":0.1307161007886787,"mean_abs_random_rewire":0.13078833816438473,"dep_self_loop":0.289747496024145,"dep_self_loop_norm":0.289747496024145,"dep_random_rewire":0.28935499061229225},"prototype_domain_ablation":{"n_cells":200,"mean_cos_full_vs_ablated":0.6288038492202759,"mean_conf_drop":0.0746803879737854,"proto_reassign_rate":0.99,"l7_reassign_rate":0.875,"l20_reassign_rate":0.97}},"alive":true,"n_active_cells":4138974,"mean_abs":0.33966028690338135,"max_abs":3.421917200088501,"top_tissue":"uterine","top_tissue_frac":0.9900346907660693,"top_tech":"merscope","top_tech_frac":0.9900346907660693,"tech_confound":true,"top_genes_summary":"pou2af1,irf4,fcrl5,itga4,cd5","top_genes":[{"rank":0,"gene":"pou2af1","mean_expr":0.4712409536726063,"baseline_mean":0.006166302300422326,"fold_change":76.42196744722219},{"rank":1,"gene":"irf4","mean_expr":0.47989976583774296,"baseline_mean":0.008416160348626496,"fold_change":57.02122416382689},{"rank":2,"gene":"fcrl5","mean_expr":0.37359308547505843,"baseline_mean":0.007416604180415328,"fold_change":50.37252580656627},{"rank":3,"gene":"itga4","mean_expr":0.4339212937721451,"baseline_mean":0.01483088604382673,"fold_change":29.2579480747047},{"rank":4,"gene":"cd5","mean_expr":0.22978544945811763,"baseline_mean":0.007872139348992032,"fold_change":29.18970806678364},{"rank":5,"gene":"zap70","mean_expr":0.32025670693797,"baseline_mean":0.011177004587878523,"fold_change":28.65317844508079},{"rank":6,"gene":"trbc1","mean_expr":0.15943321404101524,"baseline_mean":0.0056765765534077485,"fold_change":28.08615589713217},{"rank":7,"gene":"ccr4","mean_expr":0.18763184386087456,"baseline_mean":0.006811062998386288,"fold_change":27.548099893559822},{"rank":8,"gene":"itk","mean_expr":0.17871460695719793,"baseline_mean":0.006534591858039921,"fold_change":27.349008299166236},{"rank":9,"gene":"cd79b","mean_expr":0.1477117242647749,"baseline_mean":0.0054452727865690635,"fold_change":27.126597703077525},{"rank":10,"gene":"icos","mean_expr":0.08686191416491015,"baseline_mean":0.003310574712669691,"fold_change":26.23771450693634},{"rank":11,"gene":"il2rb","mean_expr":0.2982827630248717,"baseline_mean":0.01201376516770501,"fold_change":24.828416309210468},{"rank":12,"gene":"fgf1","mean_expr":0.1212838196040601,"baseline_mean":0.00501360477542759,"fold_change":24.190941455634842},{"rank":13,"gene":"cxcr3","mean_expr":0.09038783286570545,"baseline_mean":0.003788396601376969,"fold_change":23.85912626805023},{"rank":14,"gene":"cxcr6","mean_expr":0.15528978938714022,"baseline_mean":0.006644618338952592,"fold_change":23.370761338809857},{"rank":15,"gene":"eomes","mean_expr":0.09267204929806568,"baseline_mean":0.003979707056608256,"fold_change":23.286148447581045},{"rank":16,"gene":"tigit","mean_expr":0.22914322636047232,"baseline_mean":0.009919373966583985,"fold_change":23.100573396305194},{"rank":17,"gene":"selplg","mean_expr":0.12683386415775202,"baseline_mean":0.00550793482656579,"fold_change":23.02748092552018},{"rank":18,"gene":"icam2","mean_expr":0.2216735973292239,"baseline_mean":0.00982203278513166,"fold_change":22.56901419274304},{"rank":19,"gene":"vsir","mean_expr":0.20756752906362816,"baseline_mean":0.00941882533721118,"fold_change":22.03751759187912}],"enrichments":{"GO_Biological_Process_2023":{"term":"Antigen Receptor-Mediated Signaling Pathway (GO:0050851)","p":9.47696455398158e-08,"fdr":8.955731503512594e-06,"overlap":"4/130"},"KEGG_2021_Human":{"term":"Cell adhesion molecules","p":6.5823807402443895e-12,"fdr":2.8304237183050877e-10,"overlap":"6/146"},"Reactome_2022":{"term":"Adaptive Immune System R-HSA-1280218","p":9.407684487263847e-08,"fdr":5.644610692358308e-06,"overlap":"6/723"},"PanglaoDB_Augmented_2021":{"term":"T Regulatory Cells","p":8.677416510230734e-23,"fdr":3.557740769194601e-21,"overlap":"10/117"},"CellMarker_Augmented_2021":{"term":"Follicular T cell:Undefined","p":8.45909839110264e-21,"fdr":9.200468797684496e-19,"overlap":"9/98"}},"domains":{"level_7":{"top_domain":"D1015","top_domain_lb":"T Regulatory Cells","top_domain_frac":0.6923756906077349,"corpus_frac":0.26340368111118745,"log2_enrichment":1.3942795613634724,"fdr":0.0,"n_top_cells":4525},"level_12":{"top_domain":"D1010","top_domain_lb":"Basal Cells","top_domain_frac":0.6320441988950276,"corpus_frac":0.20437372521213598,"log2_enrichment":1.6288157131378698,"fdr":0.0,"n_top_cells":4525},"level_20":{"top_domain":"D1001","top_domain_lb":"T Regulatory Cells","top_domain_frac":0.5668508287292817,"corpus_frac":0.1002343698385661,"log2_enrichment":2.499591830763053,"fdr":0.0,"n_top_cells":4525}},"causal":{"ablation_effect":0.009241580963134766,"mean_l2_drop":0.24880284070968628,"slide":"Xenium_V1_hSkin_nondiseased_section_1_FFPE_outs"},"morans":{"morans_i":0.8835102319717407,"n_active":62562,"slide":"Xenium_V1_hSkin_nondiseased_section_1_FFPE_outs"},"module":{"module_id":25,"P_i":0.9145382046699524}}