{"surface":"aggregator","feature_idx":1795,"lb":"Melanocytes","sig":28.05,"sig_bio":7.45,"sig_niche":19.6,"validation":{"prototype_alignment":{"max_abs_cos":0.2787310779094696,"best_prototype_idx":64,"signed_cos_to_best":-0.2787310779094696},"spatial_coherence":{"morans_i_mean":0.3441311776638031,"morans_i_median":0.36382144689559937,"n_slides":15},"confounds":{"tissue_fdr":0.0,"tech_fdr":1.9511542167318578e-118,"slide_fdr":0.0,"tissue_concentrated":true,"tech_concentrated":true,"slide_concentrated":true},"graph_ablation":{"mean_abs_full":0.00045268974069785184,"mean_abs_isolated":0.0003193993220416214,"contextual_dependency":0.29444099716232636},"confounds_effect_size":{"tissue_max_share":0.7047513812154697,"tissue_max_ratio":16.526065688031377,"tissue_top_class":"prostate","tech_max_share":0.9321546961325967,"tech_max_ratio":1.177011722538783,"tech_top_class":"xenium","slide_max_ratio":16.526065688031377,"tissue_concentrated_es":true,"tech_concentrated_es":false,"slide_concentrated_es":true,"tech_specific":false},"confound_survival":{"baseline_l7_top_class":"D1014","baseline_l7_top_frac":0.687292817679558,"tech_resid_same_class_frac":0.6855248618784531,"l20_resid_same_class_frac":0.6720441988950276,"survives_slide":true,"survives_tech":true,"survives_l20":true,"survives_all":true},"graph_ablation_v2":{"mean_abs_full":0.0008712548945482483,"mean_abs_self_loop":0.00070248507572995,"mean_abs_self_loop_norm":0.00070248507572995,"mean_abs_random_rewire":0.0007004475439599716,"dep_self_loop":0.19370889033089067,"dep_self_loop_norm":0.19370889033089067,"dep_random_rewire":0.19604750763189865},"prototype_domain_ablation":{"n_cells":200,"mean_cos_full_vs_ablated":0.9994533061981201,"mean_conf_drop":-0.0013891765847802162,"proto_reassign_rate":0.295,"l7_reassign_rate":0.205,"l20_reassign_rate":0.22}},"alive":true,"n_active_cells":60021,"mean_abs":0.000670581532176584,"max_abs":0.15392085909843445,"top_tissue":"prostate","top_tissue_frac":0.3485427668647944,"top_tech":"xenium","top_tech_frac":0.9375566210751928,"tech_confound":true,"top_genes_summary":"mmp14,meg3,dkk3,fam107a,zfand5","top_genes":[{"rank":0,"gene":"mmp14","mean_expr":0.054065652921054905,"baseline_mean":0.0013075273697993773,"fold_change":41.34953819693317},{"rank":1,"gene":"meg3","mean_expr":0.052122330639243784,"baseline_mean":0.0012670941378405305,"fold_change":41.13532616295918},{"rank":2,"gene":"dkk3","mean_expr":0.06286743838484116,"baseline_mean":0.0015378693178954147,"fold_change":40.87957126999302},{"rank":3,"gene":"fam107a","mean_expr":0.07003415945485152,"baseline_mean":0.001744328759032177,"fold_change":40.14963297039788},{"rank":4,"gene":"zfand5","mean_expr":0.16476530127762432,"baseline_mean":0.004113141817212158,"fold_change":40.058259257712734},{"rank":5,"gene":"epas1","mean_expr":0.07593206416177486,"baseline_mean":0.0019156275017932468,"fold_change":39.63821989958578},{"rank":6,"gene":"anxa2","mean_expr":0.09963056532717542,"baseline_mean":0.0025135833843675562,"fold_change":39.636865021783834},{"rank":7,"gene":"slc40a1","mean_expr":0.05624882650638812,"baseline_mean":0.00151682544213855,"fold_change":37.08325621640663},{"rank":8,"gene":"sgk1","mean_expr":0.0721009312413674,"baseline_mean":0.002030432925201103,"fold_change":35.51012709972983},{"rank":9,"gene":"msn","mean_expr":0.050395470719311115,"baseline_mean":0.0014652321601987335,"fold_change":34.39418823053668},{"rank":10,"gene":"timp2","mean_expr":0.09998031363302831,"baseline_mean":0.0029289621978997264,"fold_change":34.13506453061132},{"rank":11,"gene":"ccn1","mean_expr":0.2250797705887431,"baseline_mean":0.0068775135750227595,"fold_change":32.726910406425226},{"rank":12,"gene":"slc2a3","mean_expr":0.06379416112741712,"baseline_mean":0.0019633772760060827,"fold_change":32.492054332617975},{"rank":13,"gene":"emp1","mean_expr":0.06422641817377417,"baseline_mean":0.002110104758028387,"fold_change":30.43754957160764},{"rank":14,"gene":"aoc3","mean_expr":0.050977371805939226,"baseline_mean":0.0016749661150942624,"fold_change":30.434867515555897},{"rank":15,"gene":"myh9","mean_expr":0.10642094564701313,"baseline_mean":0.0035936604390816754,"fold_change":29.61352288314918},{"rank":16,"gene":"pea15","mean_expr":0.05331943912400725,"baseline_mean":0.0018262196548490303,"fold_change":29.19661880893241},{"rank":17,"gene":"ncor2","mean_expr":0.06488551018646409,"baseline_mean":0.0022522970115218693,"fold_change":28.808594006267928},{"rank":18,"gene":"filip1l","mean_expr":0.06319392588915745,"baseline_mean":0.0022297488554328263,"fold_change":28.341275177778083},{"rank":19,"gene":"gnai2","mean_expr":0.052500495699887774,"baseline_mean":0.0018629295434861297,"fold_change":28.181686142377}],"enrichments":{"GO_Biological_Process_2023":{"term":"Regulation Of Plasma Membrane Repair (GO:1905684)","p":1.0308576166743476e-06,"fdr":0.00026802298033533036,"overlap":"2/5"},"KEGG_2021_Human":{"term":"Leukocyte transendothelial migration","p":0.0006498280997945793,"fdr":0.020469585143529246,"overlap":"2/114"},"Reactome_2022":{"term":"Transcriptional Regulation By MECP2 R-HSA-8986944","p":1.0343207298694005e-06,"fdr":0.00015618243021027947,"overlap":"3/60"},"PanglaoDB_Augmented_2021":{"term":"Melanocytes","p":7.070543721958869e-10,"fdr":3.5352718609794346e-08,"overlap":"5/133"},"CellMarker_Augmented_2021":{"term":"Cancer Stem cell:Ovarian Cortex","p":6.531894241721561e-13,"fdr":6.139980587218268e-11,"overlap":"6/100"}},"domains":{"level_7":{"top_domain":"D1014","top_domain_lb":"Pancreatic Stellate Cells","top_domain_frac":0.687292817679558,"corpus_frac":0.1205664560129552,"log2_enrichment":2.5110962965825583,"fdr":0.0,"n_top_cells":4525},"level_12":{"top_domain":"D1009","top_domain_lb":"Osteoblasts","top_domain_frac":0.4408839779005525,"corpus_frac":0.07313103476924171,"log2_enrichment":2.591843351954679,"fdr":0.0,"n_top_cells":4525},"level_20":{"top_domain":"D991","top_domain_lb":"Goblet Cells","top_domain_frac":0.34033149171270716,"corpus_frac":0.02248797051010075,"log2_enrichment":3.919715221649266,"fdr":0.0,"n_top_cells":4525}},"causal":null,"morans":null,"module":{"module_id":7,"P_i":0.013262102380394936}}