{"surface":"aggregator","feature_idx":1857,"lb":"Luminal Epithelial Cells","sig":23.11,"sig_bio":14.34,"sig_niche":7.77,"validation":{"prototype_alignment":{"max_abs_cos":0.43939757347106934,"best_prototype_idx":355,"signed_cos_to_best":-0.43939757347106934},"spatial_coherence":{"morans_i_mean":0.06997580608973901,"morans_i_median":0.06532803736627102,"n_slides":6},"confounds":{"tissue_fdr":2.0260561503152813e-169,"tech_fdr":2.5388000502050986e-09,"slide_fdr":2.0260561503152813e-169,"tissue_concentrated":true,"tech_concentrated":true,"slide_concentrated":true},"graph_ablation":{"mean_abs_full":6.81659259782024e-06,"mean_abs_isolated":1.7486862268718458e-05,"contextual_dependency":-1.5653377428350754},"confounds_effect_size":{"tissue_max_share":0.28789986091794156,"tissue_max_ratio":3.4471305984336857,"tissue_top_class":"lymph_node","tech_max_share":0.8873435326842837,"tech_max_ratio":1.120429628495711,"tech_top_class":"xenium","slide_max_ratio":3.4471305984336857,"tissue_concentrated_es":true,"tech_concentrated_es":false,"slide_concentrated_es":true,"tech_specific":false},"confound_survival":{"baseline_l7_top_class":"D1015","baseline_l7_top_frac":0.36022253129346316,"tech_resid_same_class_frac":0.36022253129346316,"l20_resid_same_class_frac":0.36022253129346316,"survives_slide":true,"survives_tech":true,"survives_l20":true,"survives_all":true},"graph_ablation_v2":{"mean_abs_full":4.571475722884379e-06,"mean_abs_self_loop":2.0675003856322557e-05,"mean_abs_self_loop_norm":2.0675003856322557e-05,"mean_abs_random_rewire":2.1017363350271477e-05,"dep_self_loop":-3.5226104456434992,"dep_self_loop_norm":-3.5226104456434992,"dep_random_rewire":-3.5975008124970516}},"alive":true,"n_active_cells":719,"mean_abs":5.8561181504046544e-06,"max_abs":0.12725870311260223,"top_tissue":"lymph_node","top_tissue_frac":0.28789986091794156,"top_tech":"xenium","top_tech_frac":0.8873435326842837,"tech_confound":true,"top_genes_summary":"serhl2,sost,sox2-ot,snhg15,ern1","top_genes":[{"rank":0,"gene":"serhl2","mean_expr":0.056113613165801025,"baseline_mean":0.006128101990579827,"fold_change":9.1567688090145},{"rank":1,"gene":"sost","mean_expr":0.06179185636517733,"baseline_mean":0.007899839697500613,"fold_change":7.821912688269778},{"rank":2,"gene":"sox2-ot","mean_expr":0.09853733365161031,"baseline_mean":0.014984738154904477,"fold_change":6.575846213192536},{"rank":3,"gene":"snhg15","mean_expr":0.05442410549964958,"baseline_mean":0.008328157695507396,"fold_change":6.534951364934952},{"rank":4,"gene":"ern1","mean_expr":0.0579494571155235,"baseline_mean":0.02200538675477289,"fold_change":2.6334214327296235},{"rank":5,"gene":"eef1g","mean_expr":0.07087614141684415,"baseline_mean":0.028856366046609776,"fold_change":2.4561700285601664},{"rank":6,"gene":"cd9","mean_expr":0.05239768419544289,"baseline_mean":0.021724291664088773,"fold_change":2.411939823200708},{"rank":7,"gene":"krt7","mean_expr":0.0894654385735163,"baseline_mean":0.03976440609331432,"fold_change":2.249887458738088},{"rank":8,"gene":"ly86","mean_expr":0.06307101199955203,"baseline_mean":0.029970140261135977,"fold_change":2.104461689201364},{"rank":9,"gene":"cd19","mean_expr":0.1278024896520265,"baseline_mean":0.06079561121911889,"fold_change":2.1021663749937827},{"rank":10,"gene":"bank1","mean_expr":0.2515181618456383,"baseline_mean":0.1200417068306863,"fold_change":2.095256461159736},{"rank":11,"gene":"ms4a1","mean_expr":0.3226399817499117,"baseline_mean":0.15486062130531425,"fold_change":2.083421718383871},{"rank":12,"gene":"s100a14","mean_expr":0.11070318314893189,"baseline_mean":0.054460219614376686,"fold_change":2.032734791243991},{"rank":13,"gene":"flnb","mean_expr":0.15240819994696989,"baseline_mean":0.07598098392973518,"fold_change":2.0058729443134373},{"rank":14,"gene":"agr3","mean_expr":0.06516102540808029,"baseline_mean":0.03293854598463611,"fold_change":1.9782605291221438},{"rank":15,"gene":"ankrd30a","mean_expr":0.13777138361181437,"baseline_mean":0.07068705994031449,"fold_change":1.9490325913702364},{"rank":16,"gene":"krt8","mean_expr":0.10580362630321519,"baseline_mean":0.05539302554765493,"fold_change":1.9100532107998278},{"rank":17,"gene":"foxa1","mean_expr":0.11841568999479476,"baseline_mean":0.06363572447768075,"fold_change":1.860836675731212},{"rank":18,"gene":"mlph","mean_expr":0.11611122614153568,"baseline_mean":0.06295518380379522,"fold_change":1.8443473456197896},{"rank":19,"gene":"dsp","mean_expr":0.08853191327982386,"baseline_mean":0.048249203914456675,"fold_change":1.8348885804786816}],"enrichments":{"GO_Biological_Process_2023":{"term":"Regulation Of B Cell Activation (GO:0050864)","p":3.0803690331655585e-05,"fdr":0.0045543116360701255,"overlap":"2/25"},"KEGG_2021_Human":{"term":"Hematopoietic cell lineage","p":4.286098725002936e-06,"fdr":0.00010286636940007046,"overlap":"3/96"},"Reactome_2022":{"term":"Acrosome Reaction And Sperm:Oocyte Membrane Binding R-HSA-1300645","p":0.001975486869033108,"fdr":0.03379110459817249,"overlap":"1/6"},"PanglaoDB_Augmented_2021":{"term":"Luminal Epithelial Cells","p":8.046672139219727e-17,"fdr":4.5866031193552445e-15,"overlap":"8/140"},"CellMarker_Augmented_2021":{"term":"Type II pneumocyte:Undefined","p":1.504794384893487e-10,"fdr":8.41944959901746e-09,"overlap":"5/98"}},"domains":{"level_7":{"top_domain":"D1015","top_domain_lb":"T Regulatory Cells","top_domain_frac":0.36022253129346316,"corpus_frac":0.26340368111118745,"log2_enrichment":0.4516129130189273,"fdr":1.0382439283212892e-08,"n_top_cells":719},"level_12":{"top_domain":"D1010","top_domain_lb":"Basal Cells","top_domain_frac":0.4228094575799722,"corpus_frac":0.20437372521213598,"log2_enrichment":1.0487979124639137,"fdr":8.27460430552168e-40,"n_top_cells":719},"level_20":{"top_domain":"D994","top_domain_lb":"T Regulatory Cells","top_domain_frac":0.2239221140472879,"corpus_frac":0.07625471385645659,"log2_enrichment":1.5540985712187096,"fdr":7.742693359701453e-35,"n_top_cells":719}},"causal":null,"morans":null,"module":{"module_id":3,"P_i":0.0001588685845490545}}