{"surface":"aggregator","feature_idx":1858,"lb":"Pulmonary Alveolar Type II Cells","sig":11.58,"sig_bio":5.38,"sig_niche":5.2,"validation":{"prototype_alignment":{"max_abs_cos":0.3811023533344269,"best_prototype_idx":1,"signed_cos_to_best":0.3811023533344269},"spatial_coherence":{"morans_i_mean":0.09721593292696136,"morans_i_median":0.10943853110074997,"n_slides":7},"confounds":{"tissue_fdr":1.0380653391216194e-84,"tech_fdr":1.5433358097583875e-22,"slide_fdr":1.0380653391215896e-84,"tissue_concentrated":true,"tech_concentrated":true,"slide_concentrated":true},"graph_ablation":{"mean_abs_full":7.027683777869436e-06,"mean_abs_isolated":7.367137541740657e-05,"contextual_dependency":-9.483023674087585},"confounds_effect_size":{"tissue_max_share":0.29015544041450775,"tissue_max_ratio":1.5572100238024864,"tissue_top_class":"uterine","tech_max_share":0.6809770540340488,"tech_max_ratio":0.8598551063502744,"tech_top_class":"xenium","slide_max_ratio":1.5572100238024864,"tissue_concentrated_es":false,"tech_concentrated_es":false,"slide_concentrated_es":false,"tech_specific":false},"confound_survival":{"baseline_l7_top_class":"D1015","baseline_l7_top_frac":0.35085122131754254,"tech_resid_same_class_frac":0.35085122131754254,"l20_resid_same_class_frac":0.35085122131754254,"survives_slide":false,"survives_tech":true,"survives_l20":true,"survives_all":false},"graph_ablation_v2":{"mean_abs_full":7.298232801382132e-06,"mean_abs_self_loop":1.1919967309463988e-05,"mean_abs_self_loop_norm":1.1919967309463988e-05,"mean_abs_random_rewire":1.1920372109998955e-05,"dep_self_loop":-0.6332676188688577,"dep_self_loop_norm":-0.6332676188688577,"dep_random_rewire":-0.6333230844241481}},"alive":true,"n_active_cells":1351,"mean_abs":1.3055207091383636e-05,"max_abs":0.10339906066656113,"top_tissue":"uterine","top_tissue_frac":0.29015544041450775,"top_tech":"xenium","top_tech_frac":0.6809770540340488,"tech_confound":false,"top_genes_summary":"sox2-ot,lgr5,rorc,serpina1,tgfbr3","top_genes":[{"rank":0,"gene":"sox2-ot","mean_expr":0.0554903427112729,"baseline_mean":0.014984738154904477,"fold_change":3.703123947688803},{"rank":1,"gene":"lgr5","mean_expr":0.06485273895326031,"baseline_mean":0.023677144014448707,"fold_change":2.7390439874709833},{"rank":2,"gene":"rorc","mean_expr":0.055417445644321085,"baseline_mean":0.020274525634219717,"fold_change":2.7333535020314605},{"rank":3,"gene":"serpina1","mean_expr":0.13306917579556982,"baseline_mean":0.04881756301817148,"fold_change":2.7258463464478377},{"rank":4,"gene":"tgfbr3","mean_expr":0.05056268412555861,"baseline_mean":0.01976786473904085,"fold_change":2.557822242970889},{"rank":5,"gene":"ceacam1","mean_expr":0.12791735959111855,"baseline_mean":0.053571753091304936,"fold_change":2.3877762479249616},{"rank":6,"gene":"tmem37","mean_expr":0.06716691822883267,"baseline_mean":0.028334010803548828,"fold_change":2.3705404326457034},{"rank":7,"gene":"hla-dma","mean_expr":0.12295300678189201,"baseline_mean":0.054718021805151035,"fold_change":2.2470294562132267},{"rank":8,"gene":"eef1g","mean_expr":0.06474242644518238,"baseline_mean":0.028856366046609776,"fold_change":2.24360982739851},{"rank":9,"gene":"pdk4","mean_expr":0.07460462859013342,"baseline_mean":0.033640695214719386,"fold_change":2.217689857892425},{"rank":10,"gene":"igf1r","mean_expr":0.09962760549599851,"baseline_mean":0.045394633616375274,"fold_change":2.1947000682490296},{"rank":11,"gene":"idh1","mean_expr":0.3660106698939307,"baseline_mean":0.17006453286457412,"fold_change":2.152186959437289},{"rank":12,"gene":"tnfsf10","mean_expr":0.06702528394372378,"baseline_mean":0.031434481827870446,"fold_change":2.1322216892501094},{"rank":13,"gene":"cxcl10","mean_expr":0.056671241598343115,"baseline_mean":0.027422165389515765,"fold_change":2.066621683348539},{"rank":14,"gene":"hla-drb1","mean_expr":0.12107825067923897,"baseline_mean":0.058670583333054624,"fold_change":2.063696043243945},{"rank":15,"gene":"tgfbr2","mean_expr":0.13149253216895537,"baseline_mean":0.06385299666828342,"fold_change":2.0593008790497276},{"rank":16,"gene":"hla-dpb1","mean_expr":0.06450352642805399,"baseline_mean":0.031889443943568026,"fold_change":2.022723461161639},{"rank":17,"gene":"ccl19","mean_expr":0.09120263372148786,"baseline_mean":0.04583534279192798,"fold_change":1.9897884070706562},{"rank":18,"gene":"stat5a","mean_expr":0.06019354563611584,"baseline_mean":0.030756693807008927,"fold_change":1.957087651027002},{"rank":19,"gene":"muc1","mean_expr":0.20943003204626234,"baseline_mean":0.10836289549367427,"fold_change":1.9326729051687983}],"enrichments":{"GO_Biological_Process_2023":{"term":"Response To Alcohol (GO:0097305)","p":1.1116604808637537e-07,"fdr":5.4693695658496675e-05,"overlap":"3/29"},"KEGG_2021_Human":{"term":"Th17 cell differentiation","p":8.809735986423556e-13,"fdr":8.54544390683085e-11,"overlap":"6/105"},"Reactome_2022":{"term":"Immune System R-HSA-168256","p":1.4044349180720995e-10,"fdr":2.0223862820238233e-08,"overlap":"10/1927"},"PanglaoDB_Augmented_2021":{"term":"Pulmonary Alveolar Type II Cells","p":1.0704281835882512e-07,"fdr":4.17466991599418e-06,"overlap":"4/134"},"CellMarker_Augmented_2021":{"term":"Central Nervous System Stem cell:Fetal Brain","p":3.427386095054075e-08,"fdr":3.1874690684002896e-06,"overlap":"4/101"}},"domains":{"level_7":{"top_domain":"D1015","top_domain_lb":"T Regulatory Cells","top_domain_frac":0.35085122131754254,"corpus_frac":0.26340368111118745,"log2_enrichment":0.4135838754512203,"fdr":1.3878810278554694e-12,"n_top_cells":1351},"level_12":{"top_domain":"D1010","top_domain_lb":"Basal Cells","top_domain_frac":0.2990377498149519,"corpus_frac":0.20437372521213598,"log2_enrichment":0.5491178842980308,"fdr":2.0061554968051832e-16,"n_top_cells":1351},"level_20":{"top_domain":"D1003","top_domain_lb":"Endothelial Cells","top_domain_frac":0.1843079200592154,"corpus_frac":0.08963304007090091,"log2_enrichment":1.040015525091036,"fdr":3.438960304096093e-27,"n_top_cells":1351}},"causal":null,"morans":null,"module":{"module_id":2,"P_i":0.00029851385625079274}}