{"surface":"aggregator","feature_idx":1871,"lb":"T Regulatory Cells","sig":46.22,"sig_bio":29.05,"sig_niche":16.18,"validation":{"prototype_alignment":{"max_abs_cos":0.5261858105659485,"best_prototype_idx":437,"signed_cos_to_best":0.5261858105659485},"spatial_coherence":{"morans_i_mean":0.7138543009757996,"morans_i_median":0.7206008434295654,"n_slides":15},"confounds":{"tissue_fdr":0.0,"tech_fdr":0.0,"slide_fdr":0.0,"tissue_concentrated":true,"tech_concentrated":true,"slide_concentrated":true},"graph_ablation":{"mean_abs_full":0.09319812504538529,"mean_abs_isolated":0.17370081330972117,"contextual_dependency":-0.863780126747539},"confounds_effect_size":{"tissue_max_share":0.7624309392265194,"tissue_max_ratio":4.091824366017702,"tissue_top_class":"uterine","tech_max_share":0.7624309392265194,"tech_max_ratio":4.091824366017702,"tech_top_class":"merscope","slide_max_ratio":4.091824366017702,"tissue_concentrated_es":true,"tech_concentrated_es":true,"slide_concentrated_es":true,"tech_specific":false},"confound_survival":{"baseline_l7_top_class":"D1015","baseline_l7_top_frac":0.7628729281767955,"tech_resid_same_class_frac":0.7772375690607735,"l20_resid_same_class_frac":0.7995580110497238,"survives_slide":true,"survives_tech":true,"survives_l20":true,"survives_all":true},"graph_ablation_v2":{"mean_abs_full":0.07900340873959805,"mean_abs_self_loop":0.07131604445553105,"mean_abs_self_loop_norm":0.07131604445553105,"mean_abs_random_rewire":0.0713297095207602,"dep_self_loop":0.09730421011839123,"dep_self_loop_norm":0.09730421011839123,"dep_random_rewire":0.09713124207249092},"prototype_domain_ablation":{"n_cells":200,"mean_cos_full_vs_ablated":0.8191850185394287,"mean_conf_drop":0.08248140662908554,"proto_reassign_rate":0.975,"l7_reassign_rate":0.95,"l20_reassign_rate":0.975}},"alive":true,"n_active_cells":3544956,"mean_abs":0.14968852698802948,"max_abs":3.382647752761841,"top_tissue":"uterine","top_tissue_frac":0.5216651567713282,"top_tech":"merscope","top_tech_frac":0.5216651567713282,"tech_confound":false,"top_genes_summary":"cd5,itk,zap70,ccr4,trbc1","top_genes":[{"rank":0,"gene":"cd5","mean_expr":0.314105639446345,"baseline_mean":0.007872139348992032,"fold_change":39.90092470689862},{"rank":1,"gene":"itk","mean_expr":0.25370470036790665,"baseline_mean":0.006534591858039921,"fold_change":38.8248732100625},{"rank":2,"gene":"zap70","mean_expr":0.41638181297541194,"baseline_mean":0.011177004587878523,"fold_change":37.25343491645146},{"rank":3,"gene":"ccr4","mean_expr":0.2512470527301529,"baseline_mean":0.006811062998386288,"fold_change":36.88808234334048},{"rank":4,"gene":"trbc1","mean_expr":0.20176518282741066,"baseline_mean":0.0056765765534077485,"fold_change":35.54346196675309},{"rank":5,"gene":"eomes","mean_expr":0.1356995460326553,"baseline_mean":0.003979707056608256,"fold_change":34.09787306011075},{"rank":6,"gene":"tigit","mean_expr":0.31884917814542013,"baseline_mean":0.009919373966583985,"fold_change":32.144082803970015},{"rank":7,"gene":"icos","mean_expr":0.10637605910554616,"baseline_mean":0.003310574712669691,"fold_change":32.132203118220254},{"rank":8,"gene":"il2rb","mean_expr":0.3639542693015106,"baseline_mean":0.01201376516770501,"fold_change":30.29477139106064},{"rank":9,"gene":"cxcr3","mean_expr":0.10879423384357007,"baseline_mean":0.003788396601376969,"fold_change":28.71775193865041},{"rank":10,"gene":"pou2af1","mean_expr":0.1748947908618695,"baseline_mean":0.006166302300422326,"fold_change":28.362993304738083},{"rank":11,"gene":"cxcr5","mean_expr":0.11041166452052975,"baseline_mean":0.003939600110666006,"fold_change":28.026109609856874},{"rank":12,"gene":"pdcd1","mean_expr":0.18122490626154591,"baseline_mean":0.006520857479341994,"fold_change":27.7915760060183},{"rank":13,"gene":"itga4","mean_expr":0.37493052595269405,"baseline_mean":0.01483088604382673,"fold_change":25.280386137735626},{"rank":14,"gene":"mmp9","mean_expr":0.23036496951728677,"baseline_mean":0.009115177731218503,"fold_change":25.272679953163344},{"rank":15,"gene":"irf4","mean_expr":0.20408242786312564,"baseline_mean":0.008416160348626496,"fold_change":24.248875901756264},{"rank":16,"gene":"itgb2","mean_expr":0.491356131637817,"baseline_mean":0.021002615396017773,"fold_change":23.394997354995187},{"rank":17,"gene":"trat1","mean_expr":0.12423503546702194,"baseline_mean":0.0053109292027972,"fold_change":23.39233507416911},{"rank":18,"gene":"cd40lg","mean_expr":0.12195252915095053,"baseline_mean":0.005374558909518203,"fold_change":22.690704707873945},{"rank":19,"gene":"tbx21","mean_expr":0.10129977448153506,"baseline_mean":0.004553212218388748,"fold_change":22.247980024393012}],"enrichments":{"GO_Biological_Process_2023":{"term":"Endoderm Formation (GO:0001706)","p":4.456961043795504e-10,"fdr":1.1498959492992401e-07,"overlap":"4/35"},"KEGG_2021_Human":{"term":"Cell adhesion molecules","p":6.5823807402443895e-12,"fdr":4.2127236737564093e-10,"overlap":"6/146"},"Reactome_2022":{"term":"Immune System R-HSA-168256","p":4.1432474841021794e-12,"fdr":3.3145979872817434e-10,"overlap":"11/1927"},"PanglaoDB_Augmented_2021":{"term":"T Regulatory Cells","p":1.9495930665939817e-31,"fdr":8.968128106332317e-30,"overlap":"13/117"},"CellMarker_Augmented_2021":{"term":"CD4+ T cell:Colon","p":1.942011273791285e-29,"fdr":5.126909762808992e-27,"overlap":"12/98"}},"domains":{"level_7":{"top_domain":"D1015","top_domain_lb":"T Regulatory Cells","top_domain_frac":0.7628729281767955,"corpus_frac":0.26340368111118745,"log2_enrichment":1.5341672559788193,"fdr":0.0,"n_top_cells":4525},"level_12":{"top_domain":"D1006","top_domain_lb":"Osteoblasts","top_domain_frac":0.7577900552486188,"corpus_frac":0.06902100048323451,"log2_enrichment":3.456690896566219,"fdr":0.0,"n_top_cells":4525},"level_20":{"top_domain":"D994","top_domain_lb":"T Regulatory Cells","top_domain_frac":0.718011049723757,"corpus_frac":0.07625471385645659,"log2_enrichment":3.2351076005813946,"fdr":0.0,"n_top_cells":4525}},"causal":{"ablation_effect":0.0020415186882019043,"mean_l2_drop":0.09507201611995697,"slide":"Xenium_V1_hSkin_nondiseased_section_1_FFPE_outs"},"morans":{"morans_i":0.8813446760177612,"n_active":50913,"slide":"Xenium_V1_hSkin_nondiseased_section_1_FFPE_outs"},"module":{"module_id":27,"P_i":0.7832853198051453}}