{"surface":"aggregator","feature_idx":194,"lb":"Nuocytes","sig":45.7,"sig_bio":29.61,"sig_niche":15.08,"validation":{"prototype_alignment":{"max_abs_cos":0.4738515615463257,"best_prototype_idx":500,"signed_cos_to_best":-0.4738515615463257},"spatial_coherence":{"morans_i_mean":0.6940057277679443,"morans_i_median":0.7577611207962036,"n_slides":15},"confounds":{"tissue_fdr":0.0,"tech_fdr":0.0,"slide_fdr":0.0,"tissue_concentrated":true,"tech_concentrated":true,"slide_concentrated":true},"graph_ablation":{"mean_abs_full":0.0054939271354984805,"mean_abs_isolated":0.006253312998333151,"contextual_dependency":-0.13822277655048826},"confounds_effect_size":{"tissue_max_share":0.678232044198895,"tissue_max_ratio":3.639944631683573,"tissue_top_class":"uterine","tech_max_share":0.678232044198895,"tech_max_ratio":3.639944631683573,"tech_top_class":"merscope","slide_max_ratio":3.639944631683573,"tissue_concentrated_es":true,"tech_concentrated_es":true,"slide_concentrated_es":true,"tech_specific":false},"confound_survival":{"baseline_l7_top_class":"D1015","baseline_l7_top_frac":0.678232044198895,"tech_resid_same_class_frac":0.663646408839779,"l20_resid_same_class_frac":0.7993370165745857,"survives_slide":true,"survives_tech":true,"survives_l20":true,"survives_all":true},"graph_ablation_v2":{"mean_abs_full":0.002930590807478983,"mean_abs_self_loop":0.00057341154061673,"mean_abs_self_loop_norm":0.00057341154061673,"mean_abs_random_rewire":0.0005736977953597121,"dep_self_loop":0.8043358563899944,"dep_self_loop_norm":0.8043358563899944,"dep_random_rewire":0.8042381782213972},"prototype_domain_ablation":{"n_cells":200,"mean_cos_full_vs_ablated":0.9943373203277588,"mean_conf_drop":-0.00025697587989270687,"proto_reassign_rate":0.22,"l7_reassign_rate":0.0,"l20_reassign_rate":0.22}},"alive":true,"n_active_cells":230335,"mean_abs":0.005190753843635321,"max_abs":0.699256420135498,"top_tissue":"uterine","top_tissue_frac":0.33599222219767105,"top_tech":"xenium","top_tech_frac":0.6619528470733809,"tech_confound":false,"top_genes_summary":"cd5,itk,cd6,trbc1,ccr4","top_genes":[{"rank":0,"gene":"cd5","mean_expr":0.31897479498961956,"baseline_mean":0.007872139348992032,"fold_change":40.519454858286},{"rank":1,"gene":"itk","mean_expr":0.25494315438284365,"baseline_mean":0.006534591858039921,"fold_change":39.014395990037386},{"rank":2,"gene":"cd6","mean_expr":0.050230520680464436,"baseline_mean":0.0013092010991381773,"fold_change":38.36730714137824},{"rank":3,"gene":"trbc1","mean_expr":0.20641978277273537,"baseline_mean":0.0056765765534077485,"fold_change":36.363427997604994},{"rank":4,"gene":"ccr4","mean_expr":0.23792346037082193,"baseline_mean":0.006811062998386288,"fold_change":34.93191304018065},{"rank":5,"gene":"zap70","mean_expr":0.3838915390812266,"baseline_mean":0.011177004587878523,"fold_change":34.34654929797179},{"rank":6,"gene":"pou2af1","mean_expr":0.21055479463247845,"baseline_mean":0.006166302300422326,"fold_change":34.146038318305884},{"rank":7,"gene":"cxcr5","mean_expr":0.13353630059000443,"baseline_mean":0.003939600110666006,"fold_change":33.89590233497825},{"rank":8,"gene":"trbc2","mean_expr":0.10739035927788329,"baseline_mean":0.003196535286514149,"fold_change":33.595862285941934},{"rank":9,"gene":"icos","mean_expr":0.10997083784652999,"baseline_mean":0.003310574712669691,"fold_change":33.21805045681874},{"rank":10,"gene":"tigit","mean_expr":0.3114108179454179,"baseline_mean":0.009919373966583985,"fold_change":31.39420078267913},{"rank":11,"gene":"spock2","mean_expr":0.06493713716117058,"baseline_mean":0.002072863502661076,"fold_change":31.327261576947233},{"rank":12,"gene":"eomes","mean_expr":0.11488566372430963,"baseline_mean":0.003979707056608256,"fold_change":28.867869441179934},{"rank":13,"gene":"il2rb","mean_expr":0.3347164087518508,"baseline_mean":0.01201376516770501,"fold_change":27.86107469884828},{"rank":14,"gene":"irf4","mean_expr":0.22540835852721283,"baseline_mean":0.008416160348626496,"fold_change":26.782802274436122},{"rank":15,"gene":"cxcr3","mean_expr":0.09726116212689695,"baseline_mean":0.003788396601376969,"fold_change":25.673437171690374},{"rank":16,"gene":"pdcd1","mean_expr":0.16294820780717204,"baseline_mean":0.006520857479341994,"fold_change":24.988770008145433},{"rank":17,"gene":"trat1","mean_expr":0.13238573274169316,"baseline_mean":0.0053109292027972,"fold_change":24.92703775301076},{"rank":18,"gene":"itga4","mean_expr":0.352958834768383,"baseline_mean":0.01483088604382673,"fold_change":23.798904106292426},{"rank":19,"gene":"cd40lg","mean_expr":0.12388602456824478,"baseline_mean":0.005374558909518203,"fold_change":23.050454307765776}],"enrichments":{"GO_Biological_Process_2023":{"term":"T Cell Activation (GO:0042110)","p":2.8323210842743355e-10,"fdr":5.013208319165574e-08,"overlap":"5/111"},"KEGG_2021_Human":{"term":"Cell adhesion molecules","p":6.5823807402443895e-12,"fdr":2.6987761035002e-10,"overlap":"6/146"},"Reactome_2022":{"term":"Adaptive Immune System R-HSA-1280218","p":2.239640950708558e-09,"fdr":1.2400097929490032e-07,"overlap":"7/723"},"PanglaoDB_Augmented_2021":{"term":"Nuocytes","p":7.370265436463643e-32,"fdr":2.432187594033002e-30,"overlap":"13/109"},"CellMarker_Augmented_2021":{"term":"Follicular T cell:Undefined","p":1.942011273791285e-29,"fdr":1.3399877789159867e-27,"overlap":"12/98"}},"domains":{"level_7":{"top_domain":"D1015","top_domain_lb":"T Regulatory Cells","top_domain_frac":0.678232044198895,"corpus_frac":0.26340368111118745,"log2_enrichment":1.364503437502356,"fdr":0.0,"n_top_cells":4525},"level_12":{"top_domain":"D1006","top_domain_lb":"Osteoblasts","top_domain_frac":0.6331491712707182,"corpus_frac":0.06902100048323451,"log2_enrichment":3.197438131649635,"fdr":0.0,"n_top_cells":4525},"level_20":{"top_domain":"D994","top_domain_lb":"T Regulatory Cells","top_domain_frac":0.6172375690607734,"corpus_frac":0.07625471385645659,"log2_enrichment":3.0169274308599086,"fdr":0.0,"n_top_cells":4525}},"causal":{"ablation_effect":0.0005484223365783691,"mean_l2_drop":0.0008501764968968928,"slide":"Xenium_V1_hSkin_nondiseased_section_1_FFPE_outs"},"morans":{"morans_i":0.6498250365257263,"n_active":1129,"slide":"Xenium_V1_hSkin_nondiseased_section_1_FFPE_outs"},"module":{"module_id":8,"P_i":0.05089429393410683}}