{"surface":"aggregator","feature_idx":1965,"lb":"T Regulatory Cells","sig":43.33,"sig_bio":35.4,"sig_niche":6.94,"validation":{"prototype_alignment":{"max_abs_cos":0.32603636384010315,"best_prototype_idx":469,"signed_cos_to_best":-0.32603636384010315},"spatial_coherence":{"morans_i_mean":0.10607820004224777,"morans_i_median":0.09215326234698296,"n_slides":4},"confounds":{"tissue_fdr":0.0,"tech_fdr":5.576981299917811e-35,"slide_fdr":0.0,"tissue_concentrated":true,"tech_concentrated":true,"slide_concentrated":true},"graph_ablation":{"mean_abs_full":4.229081003002893e-06,"mean_abs_isolated":9.797532581043472e-06,"contextual_dependency":-1.3167048760916744},"confounds_effect_size":{"tissue_max_share":0.6230916030534351,"tissue_max_ratio":3.262376029970214,"tissue_top_class":"tonsil","tech_max_share":0.950381679389313,"tech_max_ratio":1.2000265429850894,"tech_top_class":"xenium","slide_max_ratio":3.262376029970214,"tissue_concentrated_es":true,"tech_concentrated_es":false,"slide_concentrated_es":true,"tech_specific":false},"confound_survival":{"baseline_l7_top_class":"D1015","baseline_l7_top_frac":0.7414122137404581,"tech_resid_same_class_frac":0.7414122137404581,"l20_resid_same_class_frac":0.7414122137404581,"survives_slide":true,"survives_tech":true,"survives_l20":true,"survives_all":true},"graph_ablation_v2":{"mean_abs_full":6.098756359196007e-06,"mean_abs_self_loop":1.207388148006139e-06,"mean_abs_self_loop_norm":1.207388148006139e-06,"mean_abs_random_rewire":1.2082889799913425e-06,"dep_self_loop":0.8020271548992806,"dep_self_loop_norm":0.8020271548992806,"dep_random_rewire":0.8018794474107127},"prototype_domain_ablation":{"n_cells":200,"mean_cos_full_vs_ablated":0.999807596206665,"mean_conf_drop":0.0006792577914893627,"proto_reassign_rate":0.035,"l7_reassign_rate":0.015,"l20_reassign_rate":0.01}},"alive":true,"n_active_cells":1048,"mean_abs":6.807658792240545e-06,"max_abs":0.08363129198551178,"top_tissue":"tonsil","top_tissue_frac":0.6230916030534351,"top_tech":"xenium","top_tech_frac":0.950381679389313,"tech_confound":true,"top_genes_summary":"ccl19,gzmk,cd28,cd247,cd2","top_genes":[{"rank":0,"gene":"ccl19","mean_expr":0.17344226887207906,"baseline_mean":0.04583534279192798,"fold_change":3.7840290550335713},{"rank":1,"gene":"gzmk","mean_expr":0.13425025376847158,"baseline_mean":0.03632232354444024,"fold_change":3.6960811057204763},{"rank":2,"gene":"cd28","mean_expr":0.22049355784731103,"baseline_mean":0.06009129435975126,"fold_change":3.6693095097481563},{"rank":3,"gene":"cd247","mean_expr":0.20110702309899658,"baseline_mean":0.05557459175555355,"fold_change":3.618686467074228},{"rank":4,"gene":"cd2","mean_expr":0.3316628765367077,"baseline_mean":0.09393588627584229,"fold_change":3.5307366511961273},{"rank":5,"gene":"ctla4","mean_expr":0.14064654765519582,"baseline_mean":0.04008234776621136,"fold_change":3.508939857404214},{"rank":6,"gene":"cd3d","mean_expr":0.307950753026651,"baseline_mean":0.08952511213076526,"fold_change":3.4398253819201177},{"rank":7,"gene":"klrb1","mean_expr":0.2109912460440574,"baseline_mean":0.06231993291893662,"fold_change":3.385614139195347},{"rank":8,"gene":"gzma","mean_expr":0.12669520887569244,"baseline_mean":0.03789893017526632,"fold_change":3.342975864748196},{"rank":9,"gene":"ccr7","mean_expr":0.21553559039499928,"baseline_mean":0.06972164088259598,"fold_change":3.091372888913198},{"rank":10,"gene":"gpr183","mean_expr":0.20171008836335808,"baseline_mean":0.06630961934173517,"fold_change":3.0419430900940503},{"rank":11,"gene":"dusp2","mean_expr":0.066191841172808,"baseline_mean":0.021956917730511054,"fold_change":3.0146235453088512},{"rank":12,"gene":"il7r","mean_expr":0.3456159644113242,"baseline_mean":0.11610082314833875,"fold_change":2.976860585818073},{"rank":13,"gene":"cd3e","mean_expr":0.3442000123064818,"baseline_mean":0.11607756750019525,"fold_change":2.965258660385891},{"rank":14,"gene":"trac","mean_expr":0.5455783469198444,"baseline_mean":0.185792812248079,"fold_change":2.9364879099378904},{"rank":15,"gene":"cd69","mean_expr":0.10940831666456834,"baseline_mean":0.03790717662859274,"fold_change":2.8862164475220635},{"rank":16,"gene":"ctsk","mean_expr":0.11569141660539703,"baseline_mean":0.04018508039165403,"fold_change":2.8789644185812002},{"rank":17,"gene":"tnfrsf13b","mean_expr":0.06764844694834131,"baseline_mean":0.02357855136280949,"fold_change":2.869067141039181},{"rank":18,"gene":"ccl5","mean_expr":0.18331881882795023,"baseline_mean":0.06484447979078752,"fold_change":2.8270535814213504},{"rank":19,"gene":"slamf1","mean_expr":0.08202493918761042,"baseline_mean":0.029518796559735265,"fold_change":2.778735881783727}],"enrichments":{"GO_Biological_Process_2023":{"term":"T Cell Activation (GO:0042110)","p":4.289107509614351e-15,"fdr":1.4582965532688792e-12,"overlap":"7/111"},"KEGG_2021_Human":{"term":"T cell receptor signaling pathway","p":2.0352211837600072e-10,"fdr":9.362017445296033e-09,"overlap":"5/104"},"Reactome_2022":{"term":"Immune System R-HSA-168256","p":4.1432474841021794e-12,"fdr":3.0660031382356126e-10,"overlap":"11/1927"},"PanglaoDB_Augmented_2021":{"term":"T Regulatory Cells","p":1.1379429630035427e-37,"fdr":3.9828003705124e-36,"overlap":"15/117"},"CellMarker_Augmented_2021":{"term":"Induced Regulatory T (Treg) cell:Peripheral Blood","p":2.507225794358648e-35,"fdr":6.468642549445311e-33,"overlap":"14/103"}},"domains":{"level_7":{"top_domain":"D1015","top_domain_lb":"T Regulatory Cells","top_domain_frac":0.7414122137404581,"corpus_frac":0.26340368111118745,"log2_enrichment":1.4930003705827948,"fdr":3.0918856529866504e-227,"n_top_cells":1048},"level_12":{"top_domain":"D1010","top_domain_lb":"Basal Cells","top_domain_frac":0.4083969465648855,"corpus_frac":0.20437372521213598,"log2_enrichment":0.9987623444437395,"fdr":1.3782374343760268e-50,"n_top_cells":1048},"level_20":{"top_domain":"D1002","top_domain_lb":"Osteoblasts","top_domain_frac":0.3435114503816794,"corpus_frac":0.1313445519452785,"log2_enrichment":1.3870018228847245,"fdr":2.4557617019226196e-68,"n_top_cells":1048}},"causal":null,"morans":null,"module":{"module_id":8,"P_i":0.00023156368115451187}}