{"surface":"aggregator","feature_idx":1984,"lb":"Smooth Muscle Cells","sig":16.45,"sig_bio":3.36,"sig_niche":12.08,"validation":{"prototype_alignment":{"max_abs_cos":0.3252221941947937,"best_prototype_idx":419,"signed_cos_to_best":-0.3252221941947937},"spatial_coherence":{"morans_i_mean":0.3617682327826818,"morans_i_median":0.2728022634983063,"n_slides":15},"confounds":{"tissue_fdr":0.0,"tech_fdr":0.0,"slide_fdr":0.0,"tissue_concentrated":true,"tech_concentrated":true,"slide_concentrated":true},"graph_ablation":{"mean_abs_full":0.0008279296703894208,"mean_abs_isolated":0.001589950003252241,"contextual_dependency":-0.9203925890280031},"confounds_effect_size":{"tissue_max_share":0.9997790055248619,"tissue_max_ratio":5.365627081699734,"tissue_top_class":"uterine","tech_max_share":0.9997790055248619,"tech_max_ratio":5.365627081699734,"tech_top_class":"merscope","slide_max_ratio":5.365627081699734,"tissue_concentrated_es":true,"tech_concentrated_es":true,"slide_concentrated_es":true,"tech_specific":true},"confound_survival":{"baseline_l7_top_class":"D1014","baseline_l7_top_frac":0.8282872928176795,"tech_resid_same_class_frac":0.823646408839779,"l20_resid_same_class_frac":0.9286187845303867,"survives_slide":true,"survives_tech":true,"survives_l20":true,"survives_all":true},"graph_ablation_v2":{"mean_abs_full":0.0003684367059867353,"mean_abs_self_loop":0.0021525121503395872,"mean_abs_self_loop_norm":0.0021525121503395872,"mean_abs_random_rewire":0.0021542658928073695,"dep_self_loop":-4.842284754378092,"dep_self_loop_norm":-4.842284754378092,"dep_random_rewire":-4.847044710265455},"prototype_domain_ablation":{"n_cells":200,"mean_cos_full_vs_ablated":0.9962360858917236,"mean_conf_drop":-0.003525339998304844,"proto_reassign_rate":0.315,"l7_reassign_rate":0.165,"l20_reassign_rate":0.185}},"alive":true,"n_active_cells":185510,"mean_abs":0.003109600394964218,"max_abs":0.2088225781917572,"top_tissue":"uterine","top_tissue_frac":0.9852177563691804,"top_tech":"merscope","top_tech_frac":0.9852177563691804,"tech_confound":true,"top_genes_summary":"wnt5a,fgfr3,gpx3,prok2,rgmb","top_genes":[{"rank":0,"gene":"wnt5a","mean_expr":0.48004439199234106,"baseline_mean":0.025777411242658026,"fold_change":18.622676554809914},{"rank":1,"gene":"fgfr3","mean_expr":0.19837272409386122,"baseline_mean":0.01341383811811264,"fold_change":14.788662450458494},{"rank":2,"gene":"gpx3","mean_expr":0.39451809295852064,"baseline_mean":0.028965505372018096,"fold_change":13.620273076251651},{"rank":3,"gene":"prok2","mean_expr":0.07709324603210513,"baseline_mean":0.006042763380549911,"fold_change":12.757945525427706},{"rank":4,"gene":"rgmb","mean_expr":0.5456745467457843,"baseline_mean":0.044391940239521206,"fold_change":12.292198624379607},{"rank":5,"gene":"fgfr2","mean_expr":0.12623072673737729,"baseline_mean":0.011209122328345979,"fold_change":11.26142824029684},{"rank":6,"gene":"eln","mean_expr":0.05472805220920048,"baseline_mean":0.004909867099929886,"fold_change":11.146544518482388},{"rank":7,"gene":"angpt1","mean_expr":0.08018249829976803,"baseline_mean":0.007313641867666384,"fold_change":10.96341600403691},{"rank":8,"gene":"lox","mean_expr":0.19280364801535338,"baseline_mean":0.017686367111718008,"fold_change":10.901257833080505},{"rank":9,"gene":"smo","mean_expr":0.3023488456686656,"baseline_mean":0.02864925640326194,"fold_change":10.553462240445475},{"rank":10,"gene":"e2f1","mean_expr":0.35527513770958574,"baseline_mean":0.03566124515347259,"fold_change":9.962499519593754},{"rank":11,"gene":"irs1","mean_expr":0.26845812105215766,"baseline_mean":0.028315445674716524,"fold_change":9.480978125372392},{"rank":12,"gene":"sting1","mean_expr":0.11548857144023233,"baseline_mean":0.01266146665090555,"fold_change":9.121263327892},{"rank":13,"gene":"ephb3","mean_expr":0.4717205023414712,"baseline_mean":0.05314189374937406,"fold_change":8.876621984270695},{"rank":14,"gene":"itga4","mean_expr":0.13053305209438293,"baseline_mean":0.01483088604382673,"fold_change":8.801433151643462},{"rank":15,"gene":"aurkb","mean_expr":0.2336913967874507,"baseline_mean":0.026604089736042877,"fold_change":8.784040315081656},{"rank":16,"gene":"epha4","mean_expr":0.2016654905441484,"baseline_mean":0.02301678887554762,"fold_change":8.761669216090871},{"rank":17,"gene":"chek1","mean_expr":0.19743347810313516,"baseline_mean":0.023242778798581488,"fold_change":8.494400769119077},{"rank":18,"gene":"ptgs2","mean_expr":0.05478968482488806,"baseline_mean":0.006601445250757358,"fold_change":8.299649962044638},{"rank":19,"gene":"icam2","mean_expr":0.08121928218717266,"baseline_mean":0.00982203278513166,"fold_change":8.269090926892476}],"enrichments":{"GO_Biological_Process_2023":{"term":"Transmembrane Receptor Protein Tyrosine Kinase Signaling Pathway (GO:0007169)","p":3.6509167772075295e-10,"fdr":2.241662901205423e-07,"overlap":"6/284"},"KEGG_2021_Human":{"term":"Pathways in cancer","p":1.5055232901110534e-08,"fdr":1.4754128243088325e-06,"overlap":"6/530"},"Reactome_2022":{"term":"PI3K Cascade R-HSA-109704","p":4.016559507387287e-07,"fdr":2.6000605227785964e-05,"overlap":"3/44"},"PanglaoDB_Augmented_2021":{"term":"Smooth Muscle Cells","p":2.2935312818412707e-05,"fdr":0.00043577094354984143,"overlap":"3/168"},"CellMarker_Augmented_2021":{"term":"Epithelial Stem cell:Laryngeal Squamous Epithelium","p":4.846584750569639e-06,"fdr":0.0002653505150936878,"overlap":"3/100"}},"domains":{"level_7":{"top_domain":"D1014","top_domain_lb":"Pancreatic Stellate Cells","top_domain_frac":0.8282872928176795,"corpus_frac":0.1205664560129552,"log2_enrichment":2.780302668866463,"fdr":0.0,"n_top_cells":4525},"level_12":{"top_domain":"D1002","top_domain_lb":"Osteoblasts","top_domain_frac":0.7014364640883978,"corpus_frac":0.04309802147841475,"log2_enrichment":4.024618853994057,"fdr":0.0,"n_top_cells":4525},"level_20":{"top_domain":"D1002","top_domain_lb":"Osteoblasts","top_domain_frac":0.7014364640883978,"corpus_frac":0.1313445519452785,"log2_enrichment":2.4169560619266783,"fdr":0.0,"n_top_cells":4525}},"causal":{"ablation_effect":0.0005465149879455566,"mean_l2_drop":0.00010804514022311196,"slide":"Xenium_V1_hSkin_nondiseased_section_1_FFPE_outs"},"morans":{"morans_i":0.2918117344379425,"n_active":210,"slide":"Xenium_V1_hSkin_nondiseased_section_1_FFPE_outs"},"module":{"module_id":2,"P_i":0.040989864617586136}}