{"surface":"aggregator","feature_idx":2012,"lb":"Pulmonary Alveolar Type II Cells","sig":10.05,"sig_bio":3.68,"sig_niche":5.37,"validation":{"prototype_alignment":{"max_abs_cos":0.41477519273757935,"best_prototype_idx":348,"signed_cos_to_best":-0.41477519273757935},"spatial_coherence":{"morans_i_mean":0.08116455748677254,"morans_i_median":0.0695016011595726,"n_slides":3},"confounds":{"tissue_fdr":5.1810659029919825e-15,"tech_fdr":5.115727734892119e-05,"slide_fdr":5.1810659029919825e-15,"tissue_concentrated":true,"tech_concentrated":true,"slide_concentrated":true},"graph_ablation":{"mean_abs_full":1.9415886474197037e-06,"mean_abs_isolated":5.0122336136585945e-05,"contextual_dependency":-24.815115989268165},"confounds_effect_size":{"tissue_max_share":0.2739018087855297,"tissue_max_ratio":1.4699798203650456,"tissue_top_class":"uterine","tech_max_share":0.7131782945736435,"tech_max_ratio":0.9005149214567604,"tech_top_class":"xenium","slide_max_ratio":1.4699798203650456,"tissue_concentrated_es":false,"tech_concentrated_es":false,"slide_concentrated_es":false,"tech_specific":false},"confound_survival":{"baseline_l7_top_class":"D1011","baseline_l7_top_frac":0.19896640826873385,"tech_resid_same_class_frac":0.19896640826873385,"l20_resid_same_class_frac":0.19896640826873385,"survives_slide":false,"survives_tech":false,"survives_l20":false,"survives_all":false},"graph_ablation_v2":{"mean_abs_full":2.8908076579242274e-06,"mean_abs_self_loop":1.5687341895772296e-06,"mean_abs_self_loop_norm":1.5687341895772296e-06,"mean_abs_random_rewire":1.6976270808879214e-06,"dep_self_loop":0.45733705759459814,"dep_self_loop_norm":0.45733705759459814,"dep_random_rewire":0.41274990183645804}},"alive":true,"n_active_cells":387,"mean_abs":3.7931838505755877e-06,"max_abs":0.09894926846027374,"top_tissue":"uterine","top_tissue_frac":0.2739018087855297,"top_tech":"xenium","top_tech_frac":0.7131782945736435,"tech_confound":false,"top_genes_summary":"lgr5,tgfbr3,ceacam1,tmem37,hla-dma","top_genes":[{"rank":0,"gene":"lgr5","mean_expr":0.07183842947749383,"baseline_mean":0.023677144014448707,"fold_change":3.034083394249545},{"rank":1,"gene":"tgfbr3","mean_expr":0.059651764435379305,"baseline_mean":0.01976786473904085,"fold_change":3.017612940135569},{"rank":2,"gene":"ceacam1","mean_expr":0.16021282902749243,"baseline_mean":0.053571753091304936,"fold_change":2.9906213588798174},{"rank":3,"gene":"tmem37","mean_expr":0.07338828153137585,"baseline_mean":0.028334010803548828,"fold_change":2.5901127108409225},{"rank":4,"gene":"hla-dma","mean_expr":0.14072457245702077,"baseline_mean":0.054718021805151035,"fold_change":2.571813962100751},{"rank":5,"gene":"rorc","mean_expr":0.05166070308340005,"baseline_mean":0.020274525634219717,"fold_change":2.5480597679783035},{"rank":6,"gene":"nrp1","mean_expr":0.10913782840799137,"baseline_mean":0.04307059020046713,"fold_change":2.5339292519564243},{"rank":7,"gene":"dusp1","mean_expr":0.09664213906134721,"baseline_mean":0.038417052084594845,"fold_change":2.5156052798777995},{"rank":8,"gene":"dusp6","mean_expr":0.051088890620344676,"baseline_mean":0.02148014458589311,"fold_change":2.3784239633981255},{"rank":9,"gene":"igf1r","mean_expr":0.10405787786281406,"baseline_mean":0.045394633616375274,"fold_change":2.292294695936859},{"rank":10,"gene":"ciita","mean_expr":0.08330077167287403,"baseline_mean":0.03705981087134569,"fold_change":2.2477387151827437},{"rank":11,"gene":"tnfsf10","mean_expr":0.07055261950721248,"baseline_mean":0.031434481827870446,"fold_change":2.24443399110397},{"rank":12,"gene":"pdk4","mean_expr":0.07524452837567559,"baseline_mean":0.033640695214719386,"fold_change":2.236711456032947},{"rank":13,"gene":"idh1","mean_expr":0.3637175137111987,"baseline_mean":0.17006453286457412,"fold_change":2.1387029240296354},{"rank":14,"gene":"fbln1","mean_expr":0.16038049918834932,"baseline_mean":0.07603957032651659,"fold_change":2.109171560276706},{"rank":15,"gene":"muc1","mean_expr":0.2245163891261222,"baseline_mean":0.10836289549367427,"fold_change":2.0718935951580257},{"rank":16,"gene":"tgfbr2","mean_expr":0.13017508526595262,"baseline_mean":0.06385299666828342,"fold_change":2.0386683798446095},{"rank":17,"gene":"serpina1","mean_expr":0.09842169547196658,"baseline_mean":0.04881756301817148,"fold_change":2.01611242731086},{"rank":18,"gene":"adamts1","mean_expr":0.05506003788583346,"baseline_mean":0.027954372067276426,"fold_change":1.969639588158988},{"rank":19,"gene":"cxcl10","mean_expr":0.05370594662731883,"baseline_mean":0.027422165389515765,"fold_change":1.9584867155622971}],"enrichments":{"GO_Biological_Process_2023":{"term":"Regulation Of MAPK Cascade (GO:0043408)","p":6.075285001962888e-09,"fdr":2.4604904257949695e-06,"overlap":"5/204"},"KEGG_2021_Human":{"term":"Influenza A","p":2.7785436365237404e-07,"fdr":2.5562601456018413e-05,"overlap":"4/170"},"Reactome_2022":{"term":"Immune System R-HSA-168256","p":3.936539025234931e-09,"fdr":5.826077757347697e-07,"overlap":"9/1927"},"PanglaoDB_Augmented_2021":{"term":"Pulmonary Alveolar Type II Cells","p":1.1668176841533978e-05,"fdr":0.00020841250450905868,"overlap":"3/134"},"CellMarker_Augmented_2021":{"term":"Gonadal Endothelial cell:Fetal Gonad","p":3.343620729293833e-07,"fdr":7.088475946102927e-05,"overlap":"5/457"}},"domains":{"level_7":{"top_domain":"D1011","top_domain_lb":"Macrophages","top_domain_frac":0.19896640826873385,"corpus_frac":0.0935691806424257,"log2_enrichment":1.0884195459219,"fdr":3.301662167954327e-10,"n_top_cells":387},"level_12":{"top_domain":"D1011","top_domain_lb":"Macrophages","top_domain_frac":0.23255813953488372,"corpus_frac":0.13315066023267288,"log2_enrichment":0.8045318482160146,"fdr":1.049705475438229e-07,"n_top_cells":387},"level_20":{"top_domain":"D1003","top_domain_lb":"Endothelial Cells","top_domain_frac":0.18863049095607234,"corpus_frac":0.08963304007090091,"log2_enrichment":1.0734603549048718,"fdr":1.4324072043645448e-09,"n_top_cells":387}},"causal":null,"morans":null,"module":{"module_id":2,"P_i":8.55106336530298e-05}}