{"surface":"aggregator","feature_idx":303,"lb":"Nuocytes","sig":38.74,"sig_bio":29.54,"sig_niche":8.2,"validation":{"prototype_alignment":{"max_abs_cos":0.482779860496521,"best_prototype_idx":146,"signed_cos_to_best":-0.482779860496521},"spatial_coherence":{"morans_i_mean":0.14236742071807384,"morans_i_median":0.15489251911640167,"n_slides":4},"confounds":{"tissue_fdr":0.0,"tech_fdr":1.5917325278105019e-21,"slide_fdr":0.0,"tissue_concentrated":true,"tech_concentrated":true,"slide_concentrated":true},"graph_ablation":{"mean_abs_full":2.2716608444173927e-05,"mean_abs_isolated":2.8021534314029134e-06,"contextual_dependency":0.8766473684533849},"confounds_effect_size":{"tissue_max_share":0.4143198090692124,"tissue_max_ratio":2.1692910115068873,"tissue_top_class":"tonsil","tech_max_share":0.875417661097852,"tech_max_ratio":1.1053710864779966,"tech_top_class":"xenium","slide_max_ratio":2.1692910115068873,"tissue_concentrated_es":true,"tech_concentrated_es":false,"slide_concentrated_es":true,"tech_specific":false},"confound_survival":{"baseline_l7_top_class":"D1015","baseline_l7_top_frac":0.715035799522673,"tech_resid_same_class_frac":0.715035799522673,"l20_resid_same_class_frac":0.715035799522673,"survives_slide":true,"survives_tech":true,"survives_l20":true,"survives_all":true},"graph_ablation_v2":{"mean_abs_full":2.4112146879941493e-06,"mean_abs_self_loop":1.1596714018193274e-06,"mean_abs_self_loop_norm":1.1596714018193274e-06,"mean_abs_random_rewire":1.1083856649473455e-06,"dep_self_loop":0.519050954859586,"dep_self_loop_norm":0.519050954859586,"dep_random_rewire":0.5403206232666932},"prototype_domain_ablation":{"n_cells":200,"mean_cos_full_vs_ablated":0.9997255206108093,"mean_conf_drop":0.0010669687762856483,"proto_reassign_rate":0.13,"l7_reassign_rate":0.075,"l20_reassign_rate":0.075}},"alive":true,"n_active_cells":2095,"mean_abs":1.641384733375162e-05,"max_abs":0.11516336351633072,"top_tissue":"tonsil","top_tissue_frac":0.4143198090692124,"top_tech":"xenium","top_tech_frac":0.875417661097852,"tech_confound":true,"top_genes_summary":"cd247,gzmk,cd28,cd3d,il7r","top_genes":[{"rank":0,"gene":"cd247","mean_expr":0.1749437851097817,"baseline_mean":0.05557459175555355,"fold_change":3.14790949575081},{"rank":1,"gene":"gzmk","mean_expr":0.11345632339147785,"baseline_mean":0.03632232354444024,"fold_change":3.12359762041832},{"rank":2,"gene":"cd28","mean_expr":0.18099017487916216,"baseline_mean":0.06009129435975126,"fold_change":3.0119200594285775},{"rank":3,"gene":"cd3d","mean_expr":0.2598719146265564,"baseline_mean":0.08952511213076526,"fold_change":2.9027823416403353},{"rank":4,"gene":"il7r","mean_expr":0.33679805806969115,"baseline_mean":0.11610082314833875,"fold_change":2.900910165291195},{"rank":5,"gene":"clecl1","mean_expr":0.06772239673393723,"baseline_mean":0.023589246942085345,"fold_change":2.8709011737510943},{"rank":6,"gene":"ccr7","mean_expr":0.19653035296191645,"baseline_mean":0.06972164088259598,"fold_change":2.8187855373750197},{"rank":7,"gene":"trac","mean_expr":0.5211916582614222,"baseline_mean":0.185792812248079,"fold_change":2.8052304712708875},{"rank":8,"gene":"cd3e","mean_expr":0.3212543673390295,"baseline_mean":0.11607756750019525,"fold_change":2.767583558627632},{"rank":9,"gene":"cytip","mean_expr":0.32920654224040685,"baseline_mean":0.11987806394753725,"fold_change":2.7461783365510386},{"rank":10,"gene":"ms4a1","mean_expr":0.4107286012576811,"baseline_mean":0.15486062130531425,"fold_change":2.6522468901110265},{"rank":11,"gene":"cd69","mean_expr":0.10050355429296562,"baseline_mean":0.03790717662859274,"fold_change":2.6513067770169276},{"rank":12,"gene":"sell","mean_expr":0.2800465152782131,"baseline_mean":0.10576323138980588,"fold_change":2.6478626985786833},{"rank":13,"gene":"ccl5","mean_expr":0.1696917169635395,"baseline_mean":0.06484447979078752,"fold_change":2.6169030503603126},{"rank":14,"gene":"ptgds","mean_expr":0.26005158822690105,"baseline_mean":0.09949035451674797,"fold_change":2.6138371854240865},{"rank":15,"gene":"tnfrsf13b","mean_expr":0.06149558481236752,"baseline_mean":0.02357855136280949,"fold_change":2.6081154802989577},{"rank":16,"gene":"cd2","mean_expr":0.24359671901784916,"baseline_mean":0.09393588627584229,"fold_change":2.5932231937699353},{"rank":17,"gene":"ctla4","mean_expr":0.10238097205936288,"baseline_mean":0.04008234776621136,"fold_change":2.5542658493090578},{"rank":18,"gene":"hla-dqb2","mean_expr":0.08435014247325269,"baseline_mean":0.033409337638822985,"fold_change":2.5247475237352344},{"rank":19,"gene":"bank1","mean_expr":0.3027823966272122,"baseline_mean":0.1200417068306863,"fold_change":2.522309992261888}],"enrichments":{"GO_Biological_Process_2023":{"term":"T Cell Activation (GO:0042110)","p":1.2380016857067612e-12,"fdr":3.8006651751197567e-10,"overlap":"6/111"},"KEGG_2021_Human":{"term":"T cell receptor signaling pathway","p":2.0352211837600072e-10,"fdr":4.070442367520014e-09,"overlap":"5/104"},"Reactome_2022":{"term":"Costimulation By CD28 Family R-HSA-388841","p":4.5574934625019964e-14,"fdr":3.2358203583764175e-12,"overlap":"6/65"},"PanglaoDB_Augmented_2021":{"term":"Nuocytes","p":7.370265436463643e-32,"fdr":2.874403520220821e-30,"overlap":"13/109"},"CellMarker_Augmented_2021":{"term":"CD4+ Memory T cell:Peripheral Blood","p":2.209605645754243e-29,"fdr":3.1313679655380366e-27,"overlap":"12/99"}},"domains":{"level_7":{"top_domain":"D1015","top_domain_lb":"T Regulatory Cells","top_domain_frac":0.715035799522673,"corpus_frac":0.26340368111118745,"log2_enrichment":1.4407399636563518,"fdr":0.0,"n_top_cells":2095},"level_12":{"top_domain":"D1010","top_domain_lb":"Basal Cells","top_domain_frac":0.5365155131264916,"corpus_frac":0.20437372521213598,"log2_enrichment":1.3924101503706834,"fdr":8.614391888223876e-245,"n_top_cells":2095},"level_20":{"top_domain":"D1002","top_domain_lb":"Osteoblasts","top_domain_frac":0.40954653937947494,"corpus_frac":0.1313445519452785,"log2_enrichment":1.6406710363281505,"fdr":5.572760819904288e-218,"n_top_cells":2095}},"causal":null,"morans":null,"module":{"module_id":1,"P_i":0.0004629064060281962}}