{"surface":"aggregator","feature_idx":321,"lb":"Osteoclasts","sig":31.24,"sig_bio":3.68,"sig_niche":26.57,"validation":{"prototype_alignment":{"max_abs_cos":0.291077196598053,"best_prototype_idx":145,"signed_cos_to_best":-0.291077196598053},"spatial_coherence":{"morans_i_mean":0.30769188950459164,"morans_i_median":0.2815741002559662,"n_slides":15},"confounds":{"tissue_fdr":0.0,"tech_fdr":0.0,"slide_fdr":0.0,"tissue_concentrated":true,"tech_concentrated":true,"slide_concentrated":true},"graph_ablation":{"mean_abs_full":0.0001762561085257048,"mean_abs_isolated":0.0008092598386067754,"contextual_dependency":-3.591386053940677},"confounds_effect_size":{"tissue_max_share":0.9922651933701657,"tissue_max_ratio":5.325301856063618,"tissue_top_class":"uterine","tech_max_share":0.9922651933701657,"tech_max_ratio":5.325301856063618,"tech_top_class":"merscope","slide_max_ratio":5.325301856063618,"tissue_concentrated_es":true,"tech_concentrated_es":true,"slide_concentrated_es":true,"tech_specific":true},"confound_survival":{"baseline_l7_top_class":"D1013","baseline_l7_top_frac":0.9781215469613259,"tech_resid_same_class_frac":0.9770165745856354,"l20_resid_same_class_frac":0.8738121546961326,"survives_slide":true,"survives_tech":true,"survives_l20":true,"survives_all":true},"graph_ablation_v2":{"mean_abs_full":0.00024097329493692797,"mean_abs_self_loop":6.124906295035009e-05,"mean_abs_self_loop_norm":6.124906295035009e-05,"mean_abs_random_rewire":6.121934808900513e-05,"dep_self_loop":0.7458263457517923,"dep_self_loop_norm":0.7458263457517923,"dep_random_rewire":0.7459496575957573},"prototype_domain_ablation":{"n_cells":200,"mean_cos_full_vs_ablated":0.9982843995094299,"mean_conf_drop":0.006446123123168945,"proto_reassign_rate":0.025,"l7_reassign_rate":0.005,"l20_reassign_rate":0.015}},"alive":true,"n_active_cells":90485,"mean_abs":0.0013021222548559308,"max_abs":0.24818238615989685,"top_tissue":"uterine","top_tissue_frac":0.983229113728263,"top_tech":"merscope","top_tech_frac":0.983229113728263,"tech_confound":true,"top_genes_summary":"hgf,atf3,plod2,tp63,spp1","top_genes":[{"rank":0,"gene":"hgf","mean_expr":0.2806449035871805,"baseline_mean":0.014486570907567527,"fold_change":19.37276291110249},{"rank":1,"gene":"atf3","mean_expr":0.7708950025604258,"baseline_mean":0.04398829654396006,"fold_change":17.52500240126429},{"rank":2,"gene":"plod2","mean_expr":0.26260959094727465,"baseline_mean":0.01972033855002266,"fold_change":13.316687757724774},{"rank":3,"gene":"tp63","mean_expr":0.09261557641473904,"baseline_mean":0.007180254717007839,"fold_change":12.898647759021824},{"rank":4,"gene":"spp1","mean_expr":0.27526157810280233,"baseline_mean":0.024461436630763278,"fold_change":11.252878653767494},{"rank":5,"gene":"ddit3","mean_expr":0.46951521214531583,"baseline_mean":0.04251521282541488,"fold_change":11.043463761391488},{"rank":6,"gene":"vegfa","mean_expr":1.3197731783218054,"baseline_mean":0.12537486701677664,"fold_change":10.526616775156413},{"rank":7,"gene":"twist1","mean_expr":0.34248637092402706,"baseline_mean":0.03283155523967463,"fold_change":10.431621908369308},{"rank":8,"gene":"lamc2","mean_expr":0.6314320318324083,"baseline_mean":0.06095777550647689,"fold_change":10.358514998063164},{"rank":9,"gene":"fosl1","mean_expr":0.11572592156701818,"baseline_mean":0.011506313204359304,"fold_change":10.05760224944807},{"rank":10,"gene":"pdk1","mean_expr":0.378006052398734,"baseline_mean":0.03831003820116679,"fold_change":9.867023635262814},{"rank":11,"gene":"ccr1","mean_expr":0.18343548648479244,"baseline_mean":0.019293468034256585,"fold_change":9.50764715597491},{"rank":12,"gene":"epha2","mean_expr":0.13157729873364654,"baseline_mean":0.013870980002142893,"fold_change":9.485796873279284},{"rank":13,"gene":"xcr1","mean_expr":0.07202541984406731,"baseline_mean":0.007670748420512823,"fold_change":9.389620920360219},{"rank":14,"gene":"egr1","mean_expr":0.8894410774288848,"baseline_mean":0.09590449230512882,"fold_change":9.274237901172008},{"rank":15,"gene":"pgf","mean_expr":0.05510905527473274,"baseline_mean":0.005993482781339332,"fold_change":9.194829998730356},{"rank":16,"gene":"ccr3","mean_expr":0.05473226024644578,"baseline_mean":0.006163147936902205,"fold_change":8.880568957096292},{"rank":17,"gene":"lgr6","mean_expr":0.059264453350729815,"baseline_mean":0.00678356237829623,"fold_change":8.736479455152407},{"rank":18,"gene":"fos","mean_expr":0.7082865751030786,"baseline_mean":0.08523146953808648,"fold_change":8.310153267820567},{"rank":19,"gene":"lrp1","mean_expr":0.5150762860708631,"baseline_mean":0.0635383307118208,"fold_change":8.106544196242746}],"enrichments":{"GO_Biological_Process_2023":{"term":"Positive Regulation Of Cell Motility (GO:2000147)","p":5.7414063302293e-13,"fdr":2.9740484790587774e-10,"overlap":"7/221"},"KEGG_2021_Human":{"term":"MAPK signaling pathway","p":4.492673372176312e-10,"fdr":3.863699100071628e-08,"overlap":"6/294"},"Reactome_2022":{"term":"Signaling By Receptor Tyrosine Kinases R-HSA-9006934","p":1.01626921045369e-08,"fdr":1.3618007420079445e-06,"overlap":"6/496"},"PanglaoDB_Augmented_2021":{"term":"Osteoclasts","p":1.4472621339590006e-05,"fdr":0.0002098530094240551,"overlap":"3/144"},"CellMarker_Augmented_2021":{"term":"Myoepithelial cell:Salivary Gland","p":4.846584750569639e-06,"fdr":0.0002609312953799963,"overlap":"3/100"}},"domains":{"level_7":{"top_domain":"D1013","top_domain_lb":"Cardiac Stem And Precursor Cells","top_domain_frac":0.9781215469613259,"corpus_frac":0.19602505925533276,"log2_enrichment":2.3189756520109848,"fdr":0.0,"n_top_cells":4525},"level_12":{"top_domain":"D1004","top_domain_lb":"Osteoclasts","top_domain_frac":0.9781215469613259,"corpus_frac":0.05449634569098225,"log2_enrichment":4.165782331999787,"fdr":0.0,"n_top_cells":4525},"level_20":{"top_domain":"D987","top_domain_lb":"Osteoclasts","top_domain_frac":0.9754696132596685,"corpus_frac":0.02453646940078259,"log2_enrichment":5.313097298074095,"fdr":0.0,"n_top_cells":4525}},"causal":{"ablation_effect":0.0005462765693664551,"mean_l2_drop":0.00019129493739455938,"slide":"Xenium_V1_hSkin_nondiseased_section_1_FFPE_outs"},"morans":{"morans_i":0.3450140058994293,"n_active":362,"slide":"Xenium_V1_hSkin_nondiseased_section_1_FFPE_outs"},"module":{"module_id":0,"P_i":0.019993357360363007}}