{"surface":"aggregator","feature_idx":367,"lb":"Hepatocytes","sig":36.05,"sig_bio":20.1,"sig_niche":14.95,"validation":{"prototype_alignment":{"max_abs_cos":0.3070886731147766,"best_prototype_idx":238,"signed_cos_to_best":0.3070886731147766},"spatial_coherence":{"morans_i_mean":0.20654848963022232,"morans_i_median":0.18886825442314148,"n_slides":10},"confounds":{"tissue_fdr":0.0,"tech_fdr":0.0,"slide_fdr":0.0,"tissue_concentrated":true,"tech_concentrated":true,"slide_concentrated":true},"graph_ablation":{"mean_abs_full":0.0003893650629391179,"mean_abs_isolated":0.001105862016318421,"contextual_dependency":-1.8401675486003641},"confounds_effect_size":{"tissue_max_share":0.6693922651933701,"tissue_max_ratio":12.661392531379443,"tissue_top_class":"liver","tech_max_share":0.9065193370165746,"tech_max_ratio":1.14464250494407,"tech_top_class":"xenium","slide_max_ratio":12.661392531379443,"tissue_concentrated_es":true,"tech_concentrated_es":false,"slide_concentrated_es":true,"tech_specific":false},"confound_survival":{"baseline_l7_top_class":"D1011","baseline_l7_top_frac":0.6998895027624309,"tech_resid_same_class_frac":0.6985635359116023,"l20_resid_same_class_frac":0.6775690607734807,"survives_slide":true,"survives_tech":true,"survives_l20":true,"survives_all":true},"graph_ablation_v2":{"mean_abs_full":0.0008068787651138646,"mean_abs_self_loop":0.00015353779127107696,"mean_abs_self_loop_norm":0.00015353779127107696,"mean_abs_random_rewire":0.00015362372783321221,"dep_self_loop":0.8097139274084006,"dep_self_loop_norm":0.8097139274084006,"dep_random_rewire":0.8096074224836823},"prototype_domain_ablation":{"n_cells":200,"mean_cos_full_vs_ablated":0.999667763710022,"mean_conf_drop":-0.0002226862998213619,"proto_reassign_rate":0.16,"l7_reassign_rate":0.085,"l20_reassign_rate":0.125}},"alive":true,"n_active_cells":17767,"mean_abs":0.00011900613026227802,"max_abs":0.08593053370714188,"top_tissue":"liver","top_tissue_frac":0.81460010131142,"top_tech":"xenium","top_tech_frac":0.9719705071199415,"tech_confound":true,"top_genes_summary":"hamp,tat,cyp2a7,prg4,hpx","top_genes":[{"rank":0,"gene":"hamp","mean_expr":0.38775269329218576,"baseline_mean":0.019943126750442377,"fold_change":19.442923777415427},{"rank":1,"gene":"tat","mean_expr":0.5232559457009669,"baseline_mean":0.030789503961049368,"fold_change":16.99462084101511},{"rank":2,"gene":"cyp2a7","mean_expr":0.36805282462367694,"baseline_mean":0.025274254969615165,"fold_change":14.562360990112344},{"rank":3,"gene":"prg4","mean_expr":0.2374693007495522,"baseline_mean":0.01633617177749252,"fold_change":14.536410609781306},{"rank":4,"gene":"hpx","mean_expr":0.5667723955370445,"baseline_mean":0.0392587950547388,"fold_change":14.436826060167917},{"rank":5,"gene":"adh4","mean_expr":0.6997996338625639,"baseline_mean":0.04951430740577623,"fold_change":14.13328127822963},{"rank":6,"gene":"hmgcs2","mean_expr":0.5361930248618785,"baseline_mean":0.03841671725542048,"fold_change":13.957283786037792},{"rank":7,"gene":"kng1","mean_expr":0.5372401031473065,"baseline_mean":0.03863606085309281,"fold_change":13.905146934882222},{"rank":8,"gene":"cfhr1","mean_expr":0.598095043686872,"baseline_mean":0.04415935856250062,"fold_change":13.544015655036354},{"rank":9,"gene":"cfhr3","mean_expr":0.5182169998021415,"baseline_mean":0.039072795921579195,"fold_change":13.26285942890357},{"rank":10,"gene":"cyp3a4","mean_expr":0.42011899494993094,"baseline_mean":0.03197848668459655,"fold_change":13.137550850781645},{"rank":11,"gene":"aqp9","mean_expr":0.31432605975240635,"baseline_mean":0.025173955322698,"fold_change":12.486161023293604},{"rank":12,"gene":"apoa5","mean_expr":0.1766376095252801,"baseline_mean":0.014225616460894163,"fold_change":12.416868542101646},{"rank":13,"gene":"cyp2b6","mean_expr":0.1783315068977314,"baseline_mean":0.014511592718476648,"fold_change":12.28889966507079},{"rank":14,"gene":"cxcl2","mean_expr":0.5568130724211324,"baseline_mean":0.04552422378002151,"fold_change":12.23113819824188},{"rank":15,"gene":"glyatl1","mean_expr":0.3154833612652773,"baseline_mean":0.025862956642043022,"fold_change":12.198271281653279},{"rank":16,"gene":"tm4sf4","mean_expr":0.22466481874002278,"baseline_mean":0.01852822307248952,"fold_change":12.125545869188198},{"rank":17,"gene":"adh1c","mean_expr":0.4247940309535074,"baseline_mean":0.03951819405999282,"fold_change":10.749328026190287},{"rank":18,"gene":"ppp1r1a","mean_expr":0.1630926718764542,"baseline_mean":0.015347882497794414,"fold_change":10.626395654246874},{"rank":19,"gene":"rida","mean_expr":0.3439525162449199,"baseline_mean":0.03525307508251926,"fold_change":9.75666705499611}],"enrichments":{"GO_Biological_Process_2023":{"term":"Ethanol Oxidation (GO:0006069)","p":2.163945111669681e-06,"fdr":0.00032459176675045213,"overlap":"2/7"},"KEGG_2021_Human":{"term":"Metabolism of xenobiotics by cytochrome P450","p":3.842573635186268e-11,"fdr":9.222176724447044e-10,"overlap":"5/75"},"Reactome_2022":{"term":"Biological Oxidations R-HSA-211859","p":8.087405286577744e-09,"fdr":5.095065330543979e-07,"overlap":"5/216"},"PanglaoDB_Augmented_2021":{"term":"Hepatocytes","p":1.8915650512616241e-22,"fdr":7.944573215298822e-21,"overlap":"11/221"},"CellMarker_Augmented_2021":{"term":"Hepatocyte:Embryoid Body","p":2.6757928023017635e-08,"fdr":7.071907674489903e-07,"overlap":"4/95"}},"domains":{"level_7":{"top_domain":"D1011","top_domain_lb":"Macrophages","top_domain_frac":0.6998895027624309,"corpus_frac":0.0935691806424257,"log2_enrichment":2.903021831352039,"fdr":0.0,"n_top_cells":4525},"level_12":{"top_domain":"D1011","top_domain_lb":"Macrophages","top_domain_frac":0.7038674033149172,"corpus_frac":0.13315066023267288,"log2_enrichment":2.4022440841625627,"fdr":0.0,"n_top_cells":4525},"level_20":{"top_domain":"D994","top_domain_lb":"T Regulatory Cells","top_domain_frac":0.605524861878453,"corpus_frac":0.07625471385645659,"log2_enrichment":2.9892877504730593,"fdr":0.0,"n_top_cells":4525}},"causal":null,"morans":null,"module":{"module_id":0,"P_i":0.003925755620002747}}