{"surface":"aggregator","feature_idx":418,"lb":"Pulmonary Alveolar Type II Cells","sig":11.32,"sig_bio":9.49,"sig_niche":0.84,"validation":{"prototype_alignment":{"max_abs_cos":0.44930601119995117,"best_prototype_idx":339,"signed_cos_to_best":-0.44930601119995117},"spatial_coherence":{"morans_i_mean":0.13725700415670872,"morans_i_median":0.11142456531524658,"n_slides":12},"confounds":{"tissue_fdr":8.569419799483558e-196,"tech_fdr":9.138365130119983e-17,"slide_fdr":8.569419799483558e-196,"tissue_concentrated":true,"tech_concentrated":true,"slide_concentrated":true},"graph_ablation":{"mean_abs_full":2.2157890345020422e-05,"mean_abs_isolated":0.00018796507213175695,"contextual_dependency":-7.482985934353567},"confounds_effect_size":{"tissue_max_share":0.23272438443208895,"tissue_max_ratio":1.2489882791899298,"tissue_top_class":"uterine","tech_max_share":0.7357691289383108,"tech_max_ratio":0.9290398830103126,"tech_top_class":"xenium","slide_max_ratio":1.2489882791899298,"tissue_concentrated_es":false,"tech_concentrated_es":false,"slide_concentrated_es":false,"tech_specific":false},"confound_survival":{"baseline_l7_top_class":"D1015","baseline_l7_top_frac":0.28011649457241194,"tech_resid_same_class_frac":0.28011649457241194,"l20_resid_same_class_frac":0.28011649457241194,"survives_slide":false,"survives_tech":true,"survives_l20":true,"survives_all":false},"graph_ablation_v2":{"mean_abs_full":1.815310540362076e-05,"mean_abs_self_loop":1.8355257445941904e-05,"mean_abs_self_loop_norm":1.8355257445941904e-05,"mean_abs_random_rewire":1.8756446052073974e-05,"dep_self_loop":-0.011135948248326978,"dep_self_loop_norm":-0.011135948248326978,"dep_random_rewire":-0.03323622240043158}},"alive":true,"n_active_cells":3777,"mean_abs":3.611569627537392e-05,"max_abs":0.11039481312036514,"top_tissue":"uterine","top_tissue_frac":0.23272438443208895,"top_tech":"xenium","top_tech_frac":0.7357691289383108,"tech_confound":false,"top_genes_summary":"eef1g,aqp1,ccl19,dusp1,cd93","top_genes":[{"rank":0,"gene":"eef1g","mean_expr":0.09426312677627333,"baseline_mean":0.028856366046609776,"fold_change":3.2666319322404056},{"rank":1,"gene":"aqp1","mean_expr":0.05404037074623583,"baseline_mean":0.019961254615348922,"fold_change":2.7072632350815393},{"rank":2,"gene":"ccl19","mean_expr":0.09425928707803909,"baseline_mean":0.04583534279192798,"fold_change":2.0564761019882454},{"rank":3,"gene":"dusp1","mean_expr":0.07385867131202171,"baseline_mean":0.038417052084594845,"fold_change":1.9225491625277225},{"rank":4,"gene":"cd93","mean_expr":0.06399930020567915,"baseline_mean":0.0334106665276748,"fold_change":1.915534973020281},{"rank":5,"gene":"serpina1","mean_expr":0.08949245253289526,"baseline_mean":0.04881756301817148,"fold_change":1.833201966668907},{"rank":6,"gene":"postn","mean_expr":0.10064137505891621,"baseline_mean":0.05646109487536663,"fold_change":1.7824906739955013},{"rank":7,"gene":"sox2","mean_expr":0.10574099274441781,"baseline_mean":0.060972895144889905,"fold_change":1.7342294882528617},{"rank":8,"gene":"spry2","mean_expr":0.11028885165480146,"baseline_mean":0.06584368906215224,"fold_change":1.6750102132141444},{"rank":9,"gene":"cxcl9","mean_expr":0.05322518266848453,"baseline_mean":0.03182659580591392,"fold_change":1.6723492199123096},{"rank":10,"gene":"e2f1","mean_expr":0.059548469632285043,"baseline_mean":0.03566124515347259,"fold_change":1.6698370843757928},{"rank":11,"gene":"ccdc80","mean_expr":0.060032294861437754,"baseline_mean":0.036203595133862385,"fold_change":1.6581860072036774},{"rank":12,"gene":"lamp3","mean_expr":0.06779246406300828,"baseline_mean":0.040932918394486636,"fold_change":1.6561844774825394},{"rank":13,"gene":"cdkn1a","mean_expr":0.13327378953030566,"baseline_mean":0.08091346241297596,"fold_change":1.6471151469218646},{"rank":14,"gene":"cav1","mean_expr":0.052370532060943914,"baseline_mean":0.03205162369440866,"fold_change":1.6339431836671616},{"rank":15,"gene":"tnfsf10","mean_expr":0.05123421629270198,"baseline_mean":0.031434481827870446,"fold_change":1.6298730983781222},{"rank":16,"gene":"s100a9","mean_expr":0.09631577177086671,"baseline_mean":0.061512173536345686,"fold_change":1.5658001698469757},{"rank":17,"gene":"ido1","mean_expr":0.08021950589593814,"baseline_mean":0.051598518492869644,"fold_change":1.5546862243152118},{"rank":18,"gene":"lamc2","mean_expr":0.09475217164914466,"baseline_mean":0.06095777550647689,"fold_change":1.5543902457378396},{"rank":19,"gene":"lum","mean_expr":0.10202012075959989,"baseline_mean":0.06662837100348347,"fold_change":1.531181375487419}],"enrichments":{"GO_Biological_Process_2023":{"term":"Regulation Of Cysteine-Type Endopeptidase Activity Involved In Apoptotic Process (GO:0043281)","p":1.6255282853431473e-08,"fdr":4.218245900465467e-06,"overlap":"4/84"},"KEGG_2021_Human":{"term":"Viral protein interaction with cytokine and cytokine receptor","p":4.560642736602472e-06,"fdr":0.00017330442399089393,"overlap":"3/98"},"Reactome_2022":{"term":"TP53 Regulates Transcription Of Genes Involved In G1 Cell Cycle Arrest R-HSA-6804116","p":9.364126851887515e-06,"fdr":0.0006237419636650265,"overlap":"2/14"},"PanglaoDB_Augmented_2021":{"term":"Pulmonary Alveolar Type II Cells","p":3.9068149526136484e-12,"fdr":3.242656410669328e-10,"overlap":"6/134"},"CellMarker_Augmented_2021":{"term":"Mesenchymal Progenitor cell:Muscle","p":2.910994518895656e-08,"fdr":4.609279788320118e-07,"overlap":"4/97"}},"domains":{"level_7":{"top_domain":"D1015","top_domain_lb":"T Regulatory Cells","top_domain_frac":0.28011649457241194,"corpus_frac":0.26340368111118745,"log2_enrichment":0.08875143059085314,"fdr":0.01225658064027626,"n_top_cells":3777},"level_12":{"top_domain":"D1010","top_domain_lb":"Basal Cells","top_domain_frac":0.2610537463595446,"corpus_frac":0.20437372521213598,"log2_enrichment":0.35313712951163045,"fdr":5.043656573725464e-17,"n_top_cells":3777},"level_20":{"top_domain":"D1002","top_domain_lb":"Osteoblasts","top_domain_frac":0.14747153825787662,"corpus_frac":0.1313445519452785,"log2_enrichment":0.16708018257538432,"fdr":0.0022141873579281236,"n_top_cells":3777}},"causal":null,"morans":null,"module":{"module_id":0,"P_i":0.0008345572277903557}}