{"surface":"aggregator","feature_idx":520,"lb":"Meningeal Cells","sig":21.9,"sig_bio":9.97,"sig_niche":10.93,"validation":{"prototype_alignment":{"max_abs_cos":0.34061315655708313,"best_prototype_idx":371,"signed_cos_to_best":0.34061315655708313},"spatial_coherence":{"morans_i_mean":0.6670216023921967,"morans_i_median":0.6750568747520447,"n_slides":15},"confounds":{"tissue_fdr":0.0,"tech_fdr":4.423994634550644e-25,"slide_fdr":0.0,"tissue_concentrated":true,"tech_concentrated":true,"slide_concentrated":true},"graph_ablation":{"mean_abs_full":0.09031719886416006,"mean_abs_isolated":0.12056425554373086,"contextual_dependency":-0.33489808209246313},"confounds_effect_size":{"tissue_max_share":0.49900552486187844,"tissue_max_ratio":8.333981899891583,"tissue_top_class":"colon","tech_max_share":0.7880662983425414,"tech_max_ratio":0.9950743960581554,"tech_top_class":"xenium","slide_max_ratio":8.333981899891583,"tissue_concentrated_es":true,"tech_concentrated_es":false,"slide_concentrated_es":true,"tech_specific":false},"confound_survival":{"baseline_l7_top_class":"D1016","baseline_l7_top_frac":0.950939226519337,"tech_resid_same_class_frac":0.9648618784530387,"l20_resid_same_class_frac":0.9171270718232044,"survives_slide":true,"survives_tech":true,"survives_l20":true,"survives_all":true},"graph_ablation_v2":{"mean_abs_full":0.07575658695353757,"mean_abs_self_loop":0.08800854054704102,"mean_abs_self_loop_norm":0.08800854054704102,"mean_abs_random_rewire":0.08800967291621964,"dep_self_loop":-0.1617278983412719,"dep_self_loop_norm":-0.1617278983412719,"dep_random_rewire":-0.16174284580952725},"prototype_domain_ablation":{"n_cells":200,"mean_cos_full_vs_ablated":0.9608553051948547,"mean_conf_drop":0.0012753639603033662,"proto_reassign_rate":0.68,"l7_reassign_rate":0.45,"l20_reassign_rate":0.53}},"alive":true,"n_active_cells":3168413,"mean_abs":0.08222515136003494,"max_abs":0.7682214975357056,"top_tissue":"colon","top_tissue_frac":0.33424663587953246,"top_tech":"xenium","top_tech_frac":0.7326601409726672,"tech_confound":false,"top_genes_summary":"prph,scg2,kif5c,pln,lmod1","top_genes":[{"rank":0,"gene":"prph","mean_expr":0.0774608545935615,"baseline_mean":0.0004985420561953429,"fold_change":155.37476453783898},{"rank":1,"gene":"scg2","mean_expr":0.09035165691902625,"baseline_mean":0.0005885166107304642,"fold_change":153.52439552535682},{"rank":2,"gene":"kif5c","mean_expr":0.05970531147487915,"baseline_mean":0.0007183391731382135,"fold_change":83.11576718563757},{"rank":3,"gene":"pln","mean_expr":0.14421442906500884,"baseline_mean":0.0029407342636730057,"fold_change":49.040279105288356},{"rank":4,"gene":"lmod1","mean_expr":0.09465036634582183,"baseline_mean":0.0019402458302956779,"fold_change":48.782667055853366},{"rank":5,"gene":"depp1","mean_expr":0.0560734735141143,"baseline_mean":0.0011900448830426114,"fold_change":47.118788806309674},{"rank":6,"gene":"cpe","mean_expr":0.14850181284530387,"baseline_mean":0.004565896750763977,"fold_change":32.524128545056605},{"rank":7,"gene":"ank2","mean_expr":0.11562432557838398,"baseline_mean":0.003595345977506596,"fold_change":32.15944343096863},{"rank":8,"gene":"afap1l2","mean_expr":0.0521140414180018,"baseline_mean":0.001731998319882055,"fold_change":30.088967650702248},{"rank":9,"gene":"clu","mean_expr":0.3788561809392265,"baseline_mean":0.012932808073850001,"fold_change":29.29419340145236},{"rank":10,"gene":"spock2","mean_expr":0.05566401529048688,"baseline_mean":0.002072863502661076,"fold_change":26.853681016153356},{"rank":11,"gene":"timp3","mean_expr":0.3228881970821823,"baseline_mean":0.012766802633828546,"fold_change":25.291234331971},{"rank":12,"gene":"cnn1","mean_expr":0.18082258161260278,"baseline_mean":0.008100281056398016,"fold_change":22.323000937082284},{"rank":13,"gene":"dpysl3","mean_expr":0.26621762776243096,"baseline_mean":0.012539041051125693,"fold_change":21.231099465818502},{"rank":14,"gene":"plxnd1","mean_expr":0.07098524905041437,"baseline_mean":0.004166236142732496,"fold_change":17.038220258887556},{"rank":15,"gene":"runx1t1","mean_expr":0.08914661868501104,"baseline_mean":0.005543910765300928,"fold_change":16.08009624595249},{"rank":16,"gene":"des","mean_expr":0.18447022110047595,"baseline_mean":0.011587267835517789,"fold_change":15.920079152311466},{"rank":17,"gene":"selenom","mean_expr":0.06375032372237568,"baseline_mean":0.004521524931498251,"fold_change":14.09929718141605},{"rank":18,"gene":"meis2","mean_expr":0.06112867977079107,"baseline_mean":0.0044740327150552175,"fold_change":13.662993470095051},{"rank":19,"gene":"anxa1","mean_expr":0.20104454419889503,"baseline_mean":0.015364758440474057,"fold_change":13.0847839214511}],"enrichments":{"GO_Biological_Process_2023":{"term":"Regulation Of Heart Contraction (GO:0008016)","p":1.5806497449256463e-06,"fdr":0.0006053888523065226,"overlap":"3/69"},"KEGG_2021_Human":{"term":"Dilated cardiomyopathy","p":0.0004521641838734527,"fdr":0.01175626878070977,"overlap":"2/95"},"Reactome_2022":{"term":"Muscle Contraction R-HSA-397014","p":4.806829292035426e-07,"fdr":3.0283024539823184e-05,"overlap":"4/195"},"PanglaoDB_Augmented_2021":{"term":"Meningeal Cells","p":1.5372220558755606e-12,"fdr":1.0760554391128924e-10,"overlap":"6/115"},"CellMarker_Augmented_2021":{"term":"Oligodendrocyte Progenitor cell:Brain","p":1.7540519997953042e-10,"fdr":1.920686939775858e-08,"overlap":"5/101"}},"domains":{"level_7":{"top_domain":"D1016","top_domain_lb":"Basal Cells","top_domain_frac":0.950939226519337,"corpus_frac":0.15406850528519783,"log2_enrichment":2.625781159148989,"fdr":0.0,"n_top_cells":4525},"level_12":{"top_domain":"D1007","top_domain_lb":"B Cells","top_domain_frac":0.4137016574585635,"corpus_frac":0.08182439474712827,"log2_enrichment":2.3379877926232226,"fdr":0.0,"n_top_cells":4525},"level_20":{"top_domain":"D1000","top_domain_lb":"Pluripotent Stem Cells","top_domain_frac":0.3988950276243094,"corpus_frac":0.08767800628978205,"log2_enrichment":2.1857222286252487,"fdr":0.0,"n_top_cells":4525}},"causal":{"ablation_effect":0.002289116382598877,"mean_l2_drop":0.09554387629032135,"slide":"Xenium_V1_hSkin_nondiseased_section_1_FFPE_outs"},"morans":{"morans_i":0.901623547077179,"n_active":50509,"slide":"Xenium_V1_hSkin_nondiseased_section_1_FFPE_outs"},"module":{"module_id":20,"P_i":0.7000852823257446}}