{"surface":"aggregator","feature_idx":552,"lb":"B Cells Memory","sig":39.07,"sig_bio":27.66,"sig_niche":10.41,"validation":{"prototype_alignment":{"max_abs_cos":0.31783175468444824,"best_prototype_idx":3,"signed_cos_to_best":-0.31783175468444824},"spatial_coherence":{"morans_i_mean":0.10197955891489982,"morans_i_median":0.06058558449149132,"n_slides":5},"confounds":{"tissue_fdr":0.0,"tech_fdr":1.628519687629036e-79,"slide_fdr":0.0,"tissue_concentrated":true,"tech_concentrated":true,"slide_concentrated":true},"graph_ablation":{"mean_abs_full":2.293946505141623e-05,"mean_abs_isolated":7.453661638365855e-06,"contextual_dependency":0.6750725606870381},"confounds_effect_size":{"tissue_max_share":0.5526791089704997,"tissue_max_ratio":6.6174296214415005,"tissue_top_class":"lymph_node","tech_max_share":0.9825406381697772,"tech_max_ratio":1.2406329698220613,"tech_top_class":"xenium","slide_max_ratio":6.6174296214415005,"tissue_concentrated_es":true,"tech_concentrated_es":false,"slide_concentrated_es":true,"tech_specific":false},"confound_survival":{"baseline_l7_top_class":"D1015","baseline_l7_top_frac":0.6947621914509332,"tech_resid_same_class_frac":0.6947621914509332,"l20_resid_same_class_frac":0.6947621914509332,"survives_slide":true,"survives_tech":true,"survives_l20":true,"survives_all":true},"graph_ablation_v2":{"mean_abs_full":4.7421741478927215e-06,"mean_abs_self_loop":4.303858919033978e-08,"mean_abs_self_loop_norm":4.303858919033978e-08,"mean_abs_random_rewire":4.303858919033978e-08,"dep_self_loop":0.9909242917176576,"dep_self_loop_norm":0.9909242917176576,"dep_random_rewire":0.9909242917176576},"prototype_domain_ablation":{"n_cells":200,"mean_cos_full_vs_ablated":0.9997504353523254,"mean_conf_drop":0.0005764507804997265,"proto_reassign_rate":0.045,"l7_reassign_rate":0.02,"l20_reassign_rate":0.035}},"alive":true,"n_active_cells":1661,"mean_abs":1.1403374628571328e-05,"max_abs":0.09953940659761429,"top_tissue":"lymph_node","top_tissue_frac":0.5526791089704997,"top_tech":"xenium","top_tech_frac":0.9825406381697772,"tech_confound":true,"top_genes_summary":"cd69,ms4a1,tnfrsf13b,bank1,cd1c","top_genes":[{"rank":0,"gene":"cd69","mean_expr":0.11955401653054964,"baseline_mean":0.03790717662859274,"fold_change":3.1538623332968587},{"rank":1,"gene":"ms4a1","mean_expr":0.48526896358913674,"baseline_mean":0.15486062130531425,"fold_change":3.1335852813893115},{"rank":2,"gene":"tnfrsf13b","mean_expr":0.07150797306378874,"baseline_mean":0.02357855136280949,"fold_change":3.0327551495202734},{"rank":3,"gene":"bank1","mean_expr":0.3629865948691704,"baseline_mean":0.1200417068306863,"fold_change":3.0238373349784795},{"rank":4,"gene":"cd1c","mean_expr":0.07150082621222063,"baseline_mean":0.02435935447526369,"fold_change":2.9352512721479513},{"rank":5,"gene":"il7r","mean_expr":0.3358364419934263,"baseline_mean":0.11610082314833875,"fold_change":2.8926275704724125},{"rank":6,"gene":"sell","mean_expr":0.30348484067338577,"baseline_mean":0.10576323138980588,"fold_change":2.8694739815092065},{"rank":7,"gene":"ly86","mean_expr":0.08573930025603095,"baseline_mean":0.029970140261135977,"fold_change":2.860824123910227},{"rank":8,"gene":"cytip","mean_expr":0.34038951320148675,"baseline_mean":0.11987806394753725,"fold_change":2.839464552501055},{"rank":9,"gene":"clecl1","mean_expr":0.06669051609686669,"baseline_mean":0.023589246942085345,"fold_change":2.8271574866548534},{"rank":10,"gene":"ptgds","mean_expr":0.27442839691468135,"baseline_mean":0.09949035451674797,"fold_change":2.758341733202737},{"rank":11,"gene":"cxcr4","mean_expr":0.5425826815962131,"baseline_mean":0.2019087051509655,"fold_change":2.6872674023169454},{"rank":12,"gene":"ccl19","mean_expr":0.12230396173863006,"baseline_mean":0.04583534279192798,"fold_change":2.668333087282351},{"rank":13,"gene":"irf8","mean_expr":0.20906101139391278,"baseline_mean":0.07838371311734839,"fold_change":2.667148608805087},{"rank":14,"gene":"cd19","mean_expr":0.16137927990619463,"baseline_mean":0.06079561121911889,"fold_change":2.654456081123244},{"rank":15,"gene":"cd247","mean_expr":0.14632687794379912,"baseline_mean":0.05557459175555355,"fold_change":2.6329816076278547},{"rank":16,"gene":"gpr183","mean_expr":0.17095942184338003,"baseline_mean":0.06630961934173517,"fold_change":2.5781994157185344},{"rank":17,"gene":"cd79a","mean_expr":0.3546322644479264,"baseline_mean":0.14380106597258616,"fold_change":2.466130984839379},{"rank":18,"gene":"ccr7","mean_expr":0.1714881502428447,"baseline_mean":0.06972164088259598,"fold_change":2.459611507589343},{"rank":19,"gene":"ptprc","mean_expr":0.5401876079695703,"baseline_mean":0.22067592511319584,"fold_change":2.4478773916659953}],"enrichments":{"GO_Biological_Process_2023":{"term":"Dendritic Cell Migration (GO:0036336)","p":2.6140748411243768e-11,"fdr":7.659239284494424e-09,"overlap":"4/18"},"KEGG_2021_Human":{"term":"Primary immunodeficiency","p":9.780957291831444e-13,"fdr":3.227715906304376e-11,"overlap":"5/37"},"Reactome_2022":{"term":"Immune System R-HSA-168256","p":4.1432474841021794e-12,"fdr":3.2317330375997e-10,"overlap":"11/1927"},"PanglaoDB_Augmented_2021":{"term":"B Cells Memory","p":4.369355382748033e-30,"fdr":2.1846776913740163e-28,"overlap":"13/147"},"CellMarker_Augmented_2021":{"term":"B cell:Synovium","p":1.6883284656466423e-23,"fdr":2.37491537500961e-21,"overlap":"10/100"}},"domains":{"level_7":{"top_domain":"D1015","top_domain_lb":"T Regulatory Cells","top_domain_frac":0.6947621914509332,"corpus_frac":0.26340368111118745,"log2_enrichment":1.3992437345262976,"fdr":2.1959382884003597e-293,"n_top_cells":1661},"level_12":{"top_domain":"D1010","top_domain_lb":"Basal Cells","top_domain_frac":0.6718844069837447,"corpus_frac":0.20437372521213598,"log2_enrichment":1.7170033120615107,"fdr":0.0,"n_top_cells":1661},"level_20":{"top_domain":"D994","top_domain_lb":"T Regulatory Cells","top_domain_frac":0.3226971703792896,"corpus_frac":0.07625471385645659,"log2_enrichment":2.0812824840666835,"fdr":8.25718685969561e-186,"n_top_cells":1661}},"causal":null,"morans":null,"module":{"module_id":8,"P_i":0.0003670107398647815}}