{"surface":"aggregator","feature_idx":57,"lb":"Endothelial Cells","sig":22.51,"sig_bio":4.11,"sig_niche":17.4,"validation":{"prototype_alignment":{"max_abs_cos":0.2980809509754181,"best_prototype_idx":285,"signed_cos_to_best":0.2980809509754181},"spatial_coherence":{"morans_i_mean":0.3194746091961861,"morans_i_median":0.24200570583343506,"n_slides":15},"confounds":{"tissue_fdr":0.0,"tech_fdr":0.0,"slide_fdr":0.0,"tissue_concentrated":true,"tech_concentrated":true,"slide_concentrated":true},"graph_ablation":{"mean_abs_full":0.0022493077858218393,"mean_abs_isolated":0.004845858297038408,"contextual_dependency":-1.1543775945575434},"confounds_effect_size":{"tissue_max_share":1.0,"tissue_max_ratio":5.3668131177478555,"tissue_top_class":"uterine","tech_max_share":1.0,"tech_max_ratio":5.3668131177478555,"tech_top_class":"merscope","slide_max_ratio":5.3668131177478555,"tissue_concentrated_es":true,"tech_concentrated_es":true,"slide_concentrated_es":true,"tech_specific":true},"confound_survival":{"baseline_l7_top_class":"D1003","baseline_l7_top_frac":0.9997790055248619,"tech_resid_same_class_frac":0.9995580110497237,"l20_resid_same_class_frac":0.9953591160220995,"survives_slide":true,"survives_tech":true,"survives_l20":true,"survives_all":true},"graph_ablation_v2":{"mean_abs_full":0.0004729978985703816,"mean_abs_self_loop":0.00010039924448427485,"mean_abs_self_loop_norm":0.00010039924448427485,"mean_abs_random_rewire":0.0001010906561966908,"dep_self_loop":0.7877384978078595,"dep_self_loop_norm":0.7877384978078595,"dep_random_rewire":0.7862767329363756},"prototype_domain_ablation":{"n_cells":200,"mean_cos_full_vs_ablated":0.9976022243499756,"mean_conf_drop":-0.0037771461065858603,"proto_reassign_rate":0.24,"l7_reassign_rate":0.125,"l20_reassign_rate":0.125}},"alive":true,"n_active_cells":200348,"mean_abs":0.0033877736423164606,"max_abs":0.23330740630626678,"top_tissue":"uterine","top_tissue_frac":0.9915814128201162,"top_tech":"merscope","top_tech_frac":0.9915814128201162,"tech_confound":true,"top_genes_summary":"nos3,serpina1,il6r,tnfsf9,sox9","top_genes":[{"rank":0,"gene":"nos3","mean_expr":0.467475072259206,"baseline_mean":0.01592355789931991,"fold_change":29.357451093211502},{"rank":1,"gene":"serpina1","mean_expr":1.1519562445068616,"baseline_mean":0.04881756301817148,"fold_change":23.597168176503736},{"rank":2,"gene":"il6r","mean_expr":0.2632183712809629,"baseline_mean":0.017329004432197075,"fold_change":15.18946874939373},{"rank":3,"gene":"tnfsf9","mean_expr":0.06496508268585434,"baseline_mean":0.004599956350113182,"fold_change":14.122978076575851},{"rank":4,"gene":"sox9","mean_expr":0.6942153910901996,"baseline_mean":0.050401635400403454,"fold_change":13.773667968810443},{"rank":5,"gene":"prkca","mean_expr":0.18622800658715435,"baseline_mean":0.015097080623268491,"fold_change":12.335365441456874},{"rank":6,"gene":"cxcl1","mean_expr":0.1170063048897991,"baseline_mean":0.01015833466955722,"fold_change":11.518256554437693},{"rank":7,"gene":"lamc2","mean_expr":0.7000939600698785,"baseline_mean":0.06095777550647689,"fold_change":11.484900068170829},{"rank":8,"gene":"ceacam1","mean_expr":0.6090903311188705,"baseline_mean":0.053571753091304936,"fold_change":11.369617307105262},{"rank":9,"gene":"dusp6","mean_expr":0.23756689234578768,"baseline_mean":0.02148014458589311,"fold_change":11.05983674345505},{"rank":10,"gene":"ppargc1a","mean_expr":0.05390970452741846,"baseline_mean":0.004927431949558233,"fold_change":10.940730400599792},{"rank":11,"gene":"pdgfb","mean_expr":0.16750630810183897,"baseline_mean":0.015407459282512295,"fold_change":10.871767046755155},{"rank":12,"gene":"igf1r","mean_expr":0.48089666228508327,"baseline_mean":0.045394633616375274,"fold_change":10.593689693567846},{"rank":13,"gene":"rorc","mean_expr":0.20278982702468443,"baseline_mean":0.020274525634219717,"fold_change":10.002198358831738},{"rank":14,"gene":"tgfbr2","mean_expr":0.6291940349045442,"baseline_mean":0.06385299666828342,"fold_change":9.853790232793768},{"rank":15,"gene":"lamb3","mean_expr":0.1168555678625537,"baseline_mean":0.012882970307902314,"fold_change":9.07054546193244},{"rank":16,"gene":"cdkn1a","mean_expr":0.733091203289127,"baseline_mean":0.08091346241297596,"fold_change":9.060188273089675},{"rank":17,"gene":"tgfbr3","mean_expr":0.17181211445279193,"baseline_mean":0.01976786473904085,"fold_change":8.691485738136853},{"rank":18,"gene":"idh1","mean_expr":1.4687199006372327,"baseline_mean":0.17006453286457412,"fold_change":8.636250462680566},{"rank":19,"gene":"cd22","mean_expr":0.07703293496251157,"baseline_mean":0.00924455015382705,"fold_change":8.332794314563975}],"enrichments":{"GO_Biological_Process_2023":{"term":"Positive Regulation Of Cell Population Proliferation (GO:0008284)","p":1.7008297308177898e-12,"fdr":5.459663435925106e-10,"overlap":"8/481"},"KEGG_2021_Human":{"term":"PI3K-Akt signaling pathway","p":1.4329745409294008e-13,"fdr":2.1637915568033952e-11,"overlap":"8/353"},"Reactome_2022":{"term":"Immune System R-HSA-168256","p":4.1432474841021794e-12,"fdr":1.201541770389632e-09,"overlap":"11/1927"},"PanglaoDB_Augmented_2021":{"term":"Endothelial Cells","p":1.1927694243899537e-06,"fdr":7.753001258534699e-05,"overlap":"4/245"},"CellMarker_Augmented_2021":{"term":"Cancer Stem cell:Peripheral Blood","p":1.6675614582474246e-10,"fdr":3.2684204581649527e-08,"overlap":"5/100"}},"domains":{"level_7":{"top_domain":"D1003","top_domain_lb":"Endothelial Cells","top_domain_frac":0.9997790055248619,"corpus_frac":0.0335493342212887,"log2_enrichment":4.897253148584439,"fdr":0.0,"n_top_cells":4525},"level_12":{"top_domain":"D1003","top_domain_lb":"Endothelial Cells","top_domain_frac":0.9997790055248619,"corpus_frac":0.03768124332017236,"log2_enrichment":4.729690721549112,"fdr":0.0,"n_top_cells":4525},"level_20":{"top_domain":"D1003","top_domain_lb":"Endothelial Cells","top_domain_frac":0.9997790055248619,"corpus_frac":0.08963304007090091,"log2_enrichment":3.4795066830959094,"fdr":0.0,"n_top_cells":4525}},"causal":{"ablation_effect":0.0005462765693664551,"mean_l2_drop":3.201725849066861e-05,"slide":"Xenium_V1_hSkin_nondiseased_section_1_FFPE_outs"},"morans":{"morans_i":0.2426186352968216,"n_active":65,"slide":"Xenium_V1_hSkin_nondiseased_section_1_FFPE_outs"},"module":{"module_id":5,"P_i":0.04426843300461769}}