{"surface":"aggregator","feature_idx":70,"lb":"Pancreatic Stellate Cells","sig":21.83,"sig_bio":5.67,"sig_niche":15.15,"validation":{"prototype_alignment":{"max_abs_cos":0.5263814330101013,"best_prototype_idx":251,"signed_cos_to_best":-0.5263814330101013},"spatial_coherence":{"morans_i_mean":0.674832675854365,"morans_i_median":0.6241974234580994,"n_slides":15},"confounds":{"tissue_fdr":0.0,"tech_fdr":0.0,"slide_fdr":0.0,"tissue_concentrated":true,"tech_concentrated":true,"slide_concentrated":true},"graph_ablation":{"mean_abs_full":0.07015758852341786,"mean_abs_isolated":0.18806576078129927,"contextual_dependency":-1.6806189428606846},"confounds_effect_size":{"tissue_max_share":1.0,"tissue_max_ratio":5.3668131177478555,"tissue_top_class":"uterine","tech_max_share":1.0,"tech_max_ratio":5.3668131177478555,"tech_top_class":"merscope","slide_max_ratio":5.3668131177478555,"tissue_concentrated_es":true,"tech_concentrated_es":true,"slide_concentrated_es":true,"tech_specific":true},"confound_survival":{"baseline_l7_top_class":"D1013","baseline_l7_top_frac":0.9465193370165745,"tech_resid_same_class_frac":0.9465193370165745,"l20_resid_same_class_frac":0.9069613259668509,"survives_slide":true,"survives_tech":true,"survives_l20":true,"survives_all":true},"graph_ablation_v2":{"mean_abs_full":0.0562988327459813,"mean_abs_self_loop":0.09730752421518644,"mean_abs_self_loop_norm":0.09730752421518644,"mean_abs_random_rewire":0.09732985728052604,"dep_self_loop":-0.7284110428050111,"dep_self_loop_norm":-0.7284110428050111,"dep_random_rewire":-0.7288077306979975},"prototype_domain_ablation":{"n_cells":200,"mean_cos_full_vs_ablated":0.6679248213768005,"mean_conf_drop":0.04950372874736786,"proto_reassign_rate":0.985,"l7_reassign_rate":0.675,"l20_reassign_rate":0.745}},"alive":true,"n_active_cells":3184633,"mean_abs":0.12402106076478958,"max_abs":2.3634707927703857,"top_tissue":"uterine","top_tissue_frac":0.996773979715845,"top_tech":"merscope","top_tech_frac":0.996773979715845,"tech_confound":true,"top_genes_summary":"lox,sox2,cd248,smo,chek1","top_genes":[{"rank":0,"gene":"lox","mean_expr":0.2878388741617436,"baseline_mean":0.017686367111718008,"fold_change":16.27461831723698},{"rank":1,"gene":"sox2","mean_expr":0.9332768384503732,"baseline_mean":0.060972895144889905,"fold_change":15.30642158671697},{"rank":2,"gene":"cd248","mean_expr":0.11198261357867205,"baseline_mean":0.00847797353717952,"fold_change":13.208653351839407},{"rank":3,"gene":"smo","mean_expr":0.3374495326638353,"baseline_mean":0.02864925640326194,"fold_change":11.77864890850759},{"rank":4,"gene":"chek1","mean_expr":0.2736992982193134,"baseline_mean":0.023242778798581488,"fold_change":11.775670223907019},{"rank":5,"gene":"brca1","mean_expr":0.34085922429231647,"baseline_mean":0.030408447446969036,"fold_change":11.209359665164083},{"rank":6,"gene":"spry2","mean_expr":0.7232579338656571,"baseline_mean":0.06584368906215224,"fold_change":10.984468582599431},{"rank":7,"gene":"foxm1","mean_expr":0.5969928026338789,"baseline_mean":0.054993598896425376,"fold_change":10.855678017331647},{"rank":8,"gene":"mcm2","mean_expr":0.6571728599818013,"baseline_mean":0.06136482485172647,"fold_change":10.709276227377874},{"rank":9,"gene":"mmp11","mean_expr":0.467607209892623,"baseline_mean":0.043698950199556184,"fold_change":10.700650879649098},{"rank":10,"gene":"ccnb1","mean_expr":0.44156976409029497,"baseline_mean":0.04211773226732002,"fold_change":10.48417709879688},{"rank":11,"gene":"aurkb","mean_expr":0.27844375710159747,"baseline_mean":0.026604089736042877,"fold_change":10.466201244403617},{"rank":12,"gene":"esco2","mean_expr":0.07996477197696907,"baseline_mean":0.007653812331315409,"fold_change":10.447704818916831},{"rank":13,"gene":"aurka","mean_expr":0.24704612265554157,"baseline_mean":0.02395392243724958,"fold_change":10.31338910371406},{"rank":14,"gene":"birc5","mean_expr":0.507983874831854,"baseline_mean":0.049580802795988414,"fold_change":10.245575831477966},{"rank":15,"gene":"cdca7","mean_expr":0.31662525176745726,"baseline_mean":0.031156377337588977,"fold_change":10.162454008587867},{"rank":16,"gene":"axin2","mean_expr":0.16651281039862195,"baseline_mean":0.01678758641667801,"fold_change":9.9188058524718},{"rank":17,"gene":"mybl2","mean_expr":0.7069013219251268,"baseline_mean":0.07189204418150444,"fold_change":9.832817107556808},{"rank":18,"gene":"mcm6","mean_expr":0.5740780447991984,"baseline_mean":0.058401035129844826,"fold_change":9.82992927304855},{"rank":19,"gene":"col5a1","mean_expr":0.17629460209949646,"baseline_mean":0.018637353136287865,"fold_change":9.459208118788176}],"enrichments":{"GO_Biological_Process_2023":{"term":"Cell Cycle G2/M Phase Transition (GO:0044839)","p":7.771051672140881e-10,"fdr":2.99962594544638e-07,"overlap":"4/40"},"KEGG_2021_Human":{"term":"Cell cycle","p":7.836902403238633e-08,"fdr":2.821284865165908e-06,"overlap":"4/124"},"Reactome_2022":{"term":"Cell Cycle R-HSA-1640170","p":3.2036636956933892e-15,"fdr":5.189935187023291e-13,"overlap":"10/652"},"PanglaoDB_Augmented_2021":{"term":"Pancreatic Stellate Cells","p":4.837068998977073e-08,"fdr":2.128310359549912e-06,"overlap":"4/110"},"CellMarker_Augmented_2021":{"term":"Oxyntic Stem cell:Stomach","p":4.647350493255555e-18,"fdr":1.7272980394635119e-16,"overlap":"8/99"}},"domains":{"level_7":{"top_domain":"D1013","top_domain_lb":"Cardiac Stem And Precursor Cells","top_domain_frac":0.9465193370165745,"corpus_frac":0.19602505925533276,"log2_enrichment":2.2715938781502616,"fdr":0.0,"n_top_cells":4525},"level_12":{"top_domain":"D1000","top_domain_lb":"Pluripotent Stem Cells","top_domain_frac":0.7164640883977901,"corpus_frac":0.019645791540103933,"log2_enrichment":5.188602121042091,"fdr":0.0,"n_top_cells":4525},"level_20":{"top_domain":"D1000","top_domain_lb":"Pluripotent Stem Cells","top_domain_frac":0.7164640883977901,"corpus_frac":0.08767800628978205,"log2_enrichment":3.0306074807651604,"fdr":0.0,"n_top_cells":4525}},"causal":{"ablation_effect":0.0017045140266418457,"mean_l2_drop":0.08275868743658066,"slide":"Xenium_V1_hSkin_nondiseased_section_1_FFPE_outs"},"morans":{"morans_i":0.8382455706596375,"n_active":50043,"slide":"Xenium_V1_hSkin_nondiseased_section_1_FFPE_outs"},"module":{"module_id":12,"P_i":0.7036691904067993}}