{"surface":"aggregator","feature_idx":720,"lb":"Basal Cells","sig":32.89,"sig_bio":11.84,"sig_niche":20.05,"validation":{"prototype_alignment":{"max_abs_cos":0.39016905426979065,"best_prototype_idx":433,"signed_cos_to_best":0.39016905426979065},"spatial_coherence":{"morans_i_mean":0.19828762114048004,"morans_i_median":0.14687402546405792,"n_slides":4},"confounds":{"tissue_fdr":0.0,"tech_fdr":3.203470206715949e-117,"slide_fdr":0.0,"tissue_concentrated":true,"tech_concentrated":true,"slide_concentrated":true},"graph_ablation":{"mean_abs_full":4.737722164459894e-06,"mean_abs_isolated":3.88771976605612e-05,"contextual_dependency":-7.205883821596628},"confounds_effect_size":{"tissue_max_share":0.860594188703885,"tissue_max_ratio":4.505889405347106,"tissue_top_class":"tonsil","tech_max_share":0.9624551093698988,"tech_max_ratio":1.2152714038191965,"tech_top_class":"xenium","slide_max_ratio":4.505889405347106,"tissue_concentrated_es":true,"tech_concentrated_es":false,"slide_concentrated_es":true,"tech_specific":false},"confound_survival":{"baseline_l7_top_class":"D1011","baseline_l7_top_frac":0.7962781586679726,"tech_resid_same_class_frac":0.7962781586679726,"l20_resid_same_class_frac":0.7962781586679726,"survives_slide":true,"survives_tech":true,"survives_l20":true,"survives_all":true},"graph_ablation_v2":{"mean_abs_full":3.3814315401695993e-06,"mean_abs_self_loop":5.568794422562466e-06,"mean_abs_self_loop_norm":5.568794422562466e-06,"mean_abs_random_rewire":5.615198593380527e-06,"dep_self_loop":-0.6468748092067411,"dep_self_loop_norm":-0.6468748092067411,"dep_random_rewire":-0.6605980415912519},"prototype_domain_ablation":{"n_cells":200,"mean_cos_full_vs_ablated":0.9996151924133301,"mean_conf_drop":-0.0007419014000333846,"proto_reassign_rate":0.28,"l7_reassign_rate":0.015,"l20_reassign_rate":0.22}},"alive":true,"n_active_cells":3063,"mean_abs":3.6325265682535246e-05,"max_abs":0.1056421548128128,"top_tissue":"tonsil","top_tissue_frac":0.860594188703885,"top_tech":"xenium","top_tech_frac":0.9624551093698988,"tech_confound":true,"top_genes_summary":"serpinb2,cyp4b1,sncg,s100a12,ly6d","top_genes":[{"rank":0,"gene":"serpinb2","mean_expr":0.2957852891543859,"baseline_mean":0.009825391915400166,"fold_change":30.104172098293265},{"rank":1,"gene":"cyp4b1","mean_expr":0.1966591445480419,"baseline_mean":0.007552079247496304,"fold_change":26.040397366492037},{"rank":2,"gene":"sncg","mean_expr":0.1100172894163689,"baseline_mean":0.005483024341582594,"fold_change":20.06507404718434},{"rank":3,"gene":"s100a12","mean_expr":0.20172948651246841,"baseline_mean":0.012214254078178695,"fold_change":16.51590717053013},{"rank":4,"gene":"ly6d","mean_expr":0.0522040337703604,"baseline_mean":0.0034879078971278257,"fold_change":14.967148018257207},{"rank":5,"gene":"mall","mean_expr":0.3949472484462525,"baseline_mean":0.028433742708547965,"fold_change":13.890090112108966},{"rank":6,"gene":"ehf","mean_expr":0.43392691501713326,"baseline_mean":0.031586340777138545,"fold_change":13.737802617870805},{"rank":7,"gene":"clca2","mean_expr":0.1831241191464859,"baseline_mean":0.013637514740194015,"fold_change":13.427968558432566},{"rank":8,"gene":"fgfbp1","mean_expr":0.1392644710043385,"baseline_mean":0.011761976177760277,"fold_change":11.840227262801456},{"rank":9,"gene":"apobec3a","mean_expr":0.11495334023340364,"baseline_mean":0.010102516669741707,"fold_change":11.378683548991628},{"rank":10,"gene":"c15orf48","mean_expr":0.10688144112582927,"baseline_mean":0.009857531113480289,"fold_change":10.842617679356614},{"rank":11,"gene":"serpinb3","mean_expr":0.10395558192533019,"baseline_mean":0.01016263881336798,"fold_change":10.229191830431537},{"rank":12,"gene":"gpc1","mean_expr":0.12052890959028865,"baseline_mean":0.014564027096464332,"fold_change":8.27579547826776},{"rank":13,"gene":"cxcl6","mean_expr":0.07569717831600736,"baseline_mean":0.009245584852327758,"fold_change":8.187386685110473},{"rank":14,"gene":"spib","mean_expr":0.3018454138920504,"baseline_mean":0.04585772769856989,"fold_change":6.582214798694958},{"rank":15,"gene":"aqp3","mean_expr":0.3478838045379908,"baseline_mean":0.0541124435200727,"fold_change":6.428905846932328},{"rank":16,"gene":"klk11","mean_expr":0.08048412346816554,"baseline_mean":0.012806967903947204,"fold_change":6.284401122248438},{"rank":17,"gene":"hla-dqb2","mean_expr":0.2081897505797711,"baseline_mean":0.033409337638822985,"fold_change":6.23148392914699},{"rank":18,"gene":"aldh1a3","mean_expr":0.09877205186912992,"baseline_mean":0.016606255907907933,"fold_change":5.947882076302008},{"rank":19,"gene":"tnfrsf13b","mean_expr":0.13199627020280935,"baseline_mean":0.02357855136280949,"fold_change":5.598150122615565}],"enrichments":{"GO_Biological_Process_2023":{"term":"Neutrophil Migration (GO:1990266)","p":0.00028970063847173067,"fdr":0.005938863088670478,"overlap":"2/76"},"KEGG_2021_Human":{"term":"Amoebiasis","p":0.0327642342542166,"fdr":0.045807888531994585,"overlap":"1/101"},"Reactome_2022":{"term":"Cytokine Signaling In Immune System R-HSA-1280215","p":7.295812836710331e-05,"fdr":0.007441729093444538,"overlap":"4/699"},"PanglaoDB_Augmented_2021":{"term":"Basal Cells","p":2.3730712412145843e-14,"fdr":1.4475734571408964e-12,"overlap":"7/141"},"CellMarker_Augmented_2021":{"term":"Late Transit-Amplifying Prostate Epithelial cell:Prostate","p":5.770144277726973e-13,"fdr":1.4090229007142224e-11,"overlap":"6/98"}},"domains":{"level_7":{"top_domain":"D1011","top_domain_lb":"Macrophages","top_domain_frac":0.7962781586679726,"corpus_frac":0.0935691806424257,"log2_enrichment":3.0891671471294853,"fdr":0.0,"n_top_cells":3063},"level_12":{"top_domain":"D1011","top_domain_lb":"Macrophages","top_domain_frac":0.7985634998367613,"corpus_frac":0.13315066023267288,"log2_enrichment":2.584347540562203,"fdr":0.0,"n_top_cells":3063},"level_20":{"top_domain":"D997","top_domain_lb":"Basal Cells","top_domain_frac":0.7610186092066601,"corpus_frac":0.04724495570129435,"log2_enrichment":4.00969949627649,"fdr":0.0,"n_top_cells":3063}},"causal":null,"morans":null,"module":{"module_id":4,"P_i":0.0006767934537492692}}