{"surface":"aggregator","feature_idx":793,"lb":"Stromal Cells","sig":30.91,"sig_bio":14.69,"sig_niche":15.21,"validation":{"prototype_alignment":{"max_abs_cos":0.3754374384880066,"best_prototype_idx":41,"signed_cos_to_best":-0.3754374384880066},"spatial_coherence":{"morans_i_mean":0.47534191608428955,"morans_i_median":0.41892512142658234,"n_slides":14},"confounds":{"tissue_fdr":0.0,"tech_fdr":3.909178033072321e-71,"slide_fdr":0.0,"tissue_concentrated":true,"tech_concentrated":true,"slide_concentrated":true},"graph_ablation":{"mean_abs_full":0.0014093792414727377,"mean_abs_isolated":0.00027642956170004316,"contextual_dependency":0.8038643158876196},"confounds_effect_size":{"tissue_max_share":0.7434254143646409,"tissue_max_ratio":3.8924184502064083,"tissue_top_class":"tonsil","tech_max_share":0.8965745856353591,"tech_max_ratio":1.1320854808771554,"tech_top_class":"xenium","slide_max_ratio":3.8924184502064083,"tissue_concentrated_es":true,"tech_concentrated_es":false,"slide_concentrated_es":true,"tech_specific":false},"confound_survival":{"baseline_l7_top_class":"D1015","baseline_l7_top_frac":0.7370165745856354,"tech_resid_same_class_frac":0.7124861878453038,"l20_resid_same_class_frac":0.6556906077348066,"survives_slide":true,"survives_tech":true,"survives_l20":true,"survives_all":true},"graph_ablation_v2":{"mean_abs_full":0.002337655569064092,"mean_abs_self_loop":3.729682024034045e-05,"mean_abs_self_loop_norm":3.729682024034045e-05,"mean_abs_random_rewire":3.71427511908132e-05,"dep_self_loop":0.9840452029229984,"dep_self_loop_norm":0.9840452029229984,"dep_random_rewire":0.9841111104294618},"prototype_domain_ablation":{"n_cells":200,"mean_cos_full_vs_ablated":0.999428927898407,"mean_conf_drop":0.0009139933972619474,"proto_reassign_rate":0.09,"l7_reassign_rate":0.075,"l20_reassign_rate":0.075}},"alive":true,"n_active_cells":199943,"mean_abs":0.0015868039336055517,"max_abs":0.12693288922309875,"top_tissue":"tonsil","top_tissue_frac":0.719358331307864,"top_tech":"xenium","top_tech_frac":0.9645137768742957,"tech_confound":true,"top_genes_summary":"gpc3,ogn,dpt,cavin1,fbn1","top_genes":[{"rank":0,"gene":"gpc3","mean_expr":0.09828311814787638,"baseline_mean":0.011556441773273902,"fold_change":8.504617604284705},{"rank":1,"gene":"ogn","mean_expr":0.055308328702304906,"baseline_mean":0.01199068565667209,"fold_change":4.61260767615313},{"rank":2,"gene":"dpt","mean_expr":0.1851794489707736,"baseline_mean":0.04042406439923956,"fold_change":4.580921085566476},{"rank":3,"gene":"cavin1","mean_expr":0.1543024861878453,"baseline_mean":0.043590086895323864,"fold_change":3.5398526861940747},{"rank":4,"gene":"fbn1","mean_expr":0.10028525689688836,"baseline_mean":0.03243170276253992,"fold_change":3.092198323077947},{"rank":5,"gene":"fbln1","mean_expr":0.13519816610478405,"baseline_mean":0.07603957032651659,"fold_change":1.7779975021457692},{"rank":6,"gene":"vwf","mean_expr":0.07964879431024775,"baseline_mean":0.04515771461210083,"fold_change":1.7637915247576417},{"rank":7,"gene":"cd34","mean_expr":0.05828934305939226,"baseline_mean":0.04379106870745743,"fold_change":1.3310783403983435},{"rank":8,"gene":"ctsk","mean_expr":0.05326416443724659,"baseline_mean":0.04018508039165403,"fold_change":1.325471142974469},{"rank":9,"gene":"tnfrsf17","mean_expr":0.05030999841519637,"baseline_mean":0.03962935782442971,"fold_change":1.269513340036576},{"rank":10,"gene":"pdgfrb","mean_expr":0.08717499756777526,"baseline_mean":0.06978105333319642,"fold_change":1.2492645697324856},{"rank":11,"gene":"ltbp2","mean_expr":0.057409505817771614,"baseline_mean":0.04650126135591661,"fold_change":1.234579539216458},{"rank":12,"gene":"fgl2","mean_expr":0.08195791760860886,"baseline_mean":0.06711563780156858,"fold_change":1.2211448820753574},{"rank":13,"gene":"col1a1","mean_expr":0.06789066395218149,"baseline_mean":0.05694360359804097,"fold_change":1.1922438985669872},{"rank":14,"gene":"pecam1","mean_expr":0.13380875176416715,"baseline_mean":0.12045376531195252,"fold_change":1.1108723037227415},{"rank":15,"gene":"mzb1","mean_expr":0.07862363739897016,"baseline_mean":0.07132560758829959,"fold_change":1.10231991086281},{"rank":16,"gene":"pdgfra","mean_expr":0.06191365692609277,"baseline_mean":0.056574412757206045,"fold_change":1.0943756003584262},{"rank":17,"gene":"tnc","mean_expr":0.054637273767089926,"baseline_mean":0.05040732927528566,"fold_change":1.0839152669387342},{"rank":18,"gene":"tent5c","mean_expr":0.09178333935816643,"baseline_mean":0.08895152908041777,"fold_change":1.0318354311277609},{"rank":19,"gene":"s100a9","mean_expr":0.06266872713848048,"baseline_mean":0.061512173536345686,"fold_change":1.0188020278856091}],"enrichments":{"GO_Biological_Process_2023":{"term":"Positive Regulation Of Cell Motility (GO:2000147)","p":9.068072746974418e-09,"fdr":2.865510988043916e-06,"overlap":"5/221"},"KEGG_2021_Human":{"term":"Focal adhesion","p":5.640821736737421e-09,"fdr":2.5383697815318395e-07,"overlap":"5/201"},"Reactome_2022":{"term":"Extracellular Matrix Organization R-HSA-1474244","p":3.577075878986943e-08,"fdr":4.650198642683026e-06,"overlap":"5/291"},"PanglaoDB_Augmented_2021":{"term":"Stromal Cells","p":2.97533651102134e-17,"fdr":2.023228827494511e-15,"overlap":"8/124"},"CellMarker_Augmented_2021":{"term":"Endometrial Stromal Stem cell:Endometrium Stroma","p":1.8842508008592534e-15,"fdr":1.215417587306361e-13,"overlap":"7/99"}},"domains":{"level_7":{"top_domain":"D1015","top_domain_lb":"T Regulatory Cells","top_domain_frac":0.7370165745856354,"corpus_frac":0.26340368111118745,"log2_enrichment":1.4844215529381575,"fdr":0.0,"n_top_cells":4525},"level_12":{"top_domain":"D1008","top_domain_lb":"Luminal Epithelial Cells","top_domain_frac":0.7202209944751381,"corpus_frac":0.11486552624502486,"log2_enrichment":2.6484937668357333,"fdr":0.0,"n_top_cells":4525},"level_20":{"top_domain":"D1000","top_domain_lb":"Pluripotent Stem Cells","top_domain_frac":0.7224309392265194,"corpus_frac":0.08767800628978205,"log2_enrichment":3.0425727669982536,"fdr":0.0,"n_top_cells":4525}},"causal":{"ablation_effect":0.000558018684387207,"mean_l2_drop":0.0034508435055613518,"slide":"Xenium_V1_hSkin_nondiseased_section_1_FFPE_outs"},"morans":{"morans_i":0.7348020076751709,"n_active":6920,"slide":"Xenium_V1_hSkin_nondiseased_section_1_FFPE_outs"},"module":{"module_id":3,"P_i":0.04417894780635834}}