{"surface":"aggregator","feature_idx":849,"lb":"Osteoblasts","sig":42.47,"sig_bio":9.34,"sig_niche":32.13,"validation":{"prototype_alignment":{"max_abs_cos":0.4074188470840454,"best_prototype_idx":498,"signed_cos_to_best":0.4074188470840454},"spatial_coherence":{"morans_i_mean":0.26437594803671044,"morans_i_median":0.2156701609492302,"n_slides":12},"confounds":{"tissue_fdr":0.0,"tech_fdr":0.0,"slide_fdr":0.0,"tissue_concentrated":true,"tech_concentrated":true,"slide_concentrated":true},"graph_ablation":{"mean_abs_full":0.0001803418888758226,"mean_abs_isolated":0.0003007342417640055,"contextual_dependency":-0.6675784180739122},"confounds_effect_size":{"tissue_max_share":0.9858563535911602,"tissue_max_ratio":5.2909068106681065,"tissue_top_class":"uterine","tech_max_share":0.9858563535911602,"tech_max_ratio":5.2909068106681065,"tech_top_class":"merscope","slide_max_ratio":5.2909068106681065,"tissue_concentrated_es":true,"tech_concentrated_es":true,"slide_concentrated_es":true,"tech_specific":true},"confound_survival":{"baseline_l7_top_class":"D1009","baseline_l7_top_frac":0.8835359116022099,"tech_resid_same_class_frac":0.8753591160220995,"l20_resid_same_class_frac":0.6313812154696132,"survives_slide":true,"survives_tech":true,"survives_l20":true,"survives_all":true},"graph_ablation_v2":{"mean_abs_full":8.885680777133866e-05,"mean_abs_self_loop":1.0535508088071834e-05,"mean_abs_self_loop_norm":1.0535508088071834e-05,"mean_abs_random_rewire":1.0469824258551633e-05,"dep_self_loop":0.8814327415949537,"dep_self_loop_norm":0.8814327415949537,"dep_random_rewire":0.8821719514671926},"prototype_domain_ablation":{"n_cells":200,"mean_cos_full_vs_ablated":0.9990659952163696,"mean_conf_drop":-0.001208879635669291,"proto_reassign_rate":0.225,"l7_reassign_rate":0.215,"l20_reassign_rate":0.19}},"alive":true,"n_active_cells":53764,"mean_abs":0.000654546485748142,"max_abs":0.14548465609550476,"top_tissue":"uterine","top_tissue_frac":0.7594184325076784,"top_tech":"merscope","top_tech_frac":0.7594184325076784,"tech_confound":false,"top_genes_summary":"hgf,cxcl11,twist1,fn1,axin2","top_genes":[{"rank":0,"gene":"hgf","mean_expr":0.5088391314766628,"baseline_mean":0.014486570907567527,"fold_change":35.1248846068088},{"rank":1,"gene":"cxcl11","mean_expr":0.09014585517166887,"baseline_mean":0.00429538946893558,"fold_change":20.986654603408404},{"rank":2,"gene":"twist1","mean_expr":0.5867951765333782,"baseline_mean":0.03283155523967463,"fold_change":17.872902220126246},{"rank":3,"gene":"fn1","mean_expr":0.48176938385055784,"baseline_mean":0.036532517594241705,"fold_change":13.187412627880178},{"rank":4,"gene":"axin2","mean_expr":0.2087009711981852,"baseline_mean":0.01678758641667801,"fold_change":12.431862807320917},{"rank":5,"gene":"msr1","mean_expr":0.055971849662016425,"baseline_mean":0.00491943091488195,"fold_change":11.37770824114918},{"rank":6,"gene":"akt3","mean_expr":0.15437003175839564,"baseline_mean":0.013963825844147924,"fold_change":11.054995492019138},{"rank":7,"gene":"itga5","mean_expr":0.10079977947025666,"baseline_mean":0.010229268004856722,"fold_change":9.854055971785884},{"rank":8,"gene":"col5a1","mean_expr":0.1812085691549097,"baseline_mean":0.018637353136287865,"fold_change":9.722870400630415},{"rank":9,"gene":"vcam1","mean_expr":0.11708295101569127,"baseline_mean":0.012224968474418903,"fold_change":9.57736220430267},{"rank":10,"gene":"nedd4","mean_expr":0.05398210628303828,"baseline_mean":0.005724642753271176,"fold_change":9.429777299586393},{"rank":11,"gene":"chek1","mean_expr":0.2143261812893841,"baseline_mean":0.023242778798581488,"fold_change":9.221194382423176},{"rank":12,"gene":"cd248","mean_expr":0.07752647802116411,"baseline_mean":0.00847797353717952,"fold_change":9.14445859982666},{"rank":13,"gene":"xcr1","mean_expr":0.06962708892632327,"baseline_mean":0.007670748420512823,"fold_change":9.076961609134406},{"rank":14,"gene":"atf3","mean_expr":0.3982643335889263,"baseline_mean":0.04398829654396006,"fold_change":9.053870344602174},{"rank":15,"gene":"lrp1","mean_expr":0.5734666315212034,"baseline_mean":0.0635383307118208,"fold_change":9.025522469612417},{"rank":16,"gene":"col1a1","mean_expr":0.5136747678875083,"baseline_mean":0.05694360359804097,"fold_change":9.020763271560499},{"rank":17,"gene":"foxm1","mean_expr":0.48136311562326217,"baseline_mean":0.054993598896425376,"fold_change":8.753075363004678},{"rank":18,"gene":"slc13a3","mean_expr":0.15207017791287727,"baseline_mean":0.017402269721002547,"fold_change":8.738525511378898},{"rank":19,"gene":"birc5","mean_expr":0.4309149090919393,"baseline_mean":0.049580802795988414,"fold_change":8.691164418314031}],"enrichments":{"GO_Biological_Process_2023":{"term":"Regulation Of Phosphatidylinositol 3-Kinase Signaling (GO:0014066)","p":2.1499229296019777e-08,"fdr":4.731851193933919e-06,"overlap":"4/90"},"KEGG_2021_Human":{"term":"Proteoglycans in cancer","p":5.1385193972895496e-11,"fdr":6.474534440584833e-09,"overlap":"6/205"},"Reactome_2022":{"term":"Cytokine Signaling In Immune System R-HSA-1280215","p":7.714025194813157e-08,"fdr":3.876297660393611e-06,"overlap":"6/699"},"PanglaoDB_Augmented_2021":{"term":"Osteoblasts","p":9.100773933835505e-12,"fdr":4.5503869669177527e-10,"overlap":"6/154"},"CellMarker_Augmented_2021":{"term":"Myofibroblast:Liver","p":1.7540519997953042e-10,"fdr":9.033367798945818e-09,"overlap":"5/101"}},"domains":{"level_7":{"top_domain":"D1009","top_domain_lb":"Osteoblasts","top_domain_frac":0.8835359116022099,"corpus_frac":0.026208014445330975,"log2_enrichment":5.075208758970134,"fdr":0.0,"n_top_cells":4525},"level_12":{"top_domain":"D1009","top_domain_lb":"Osteoblasts","top_domain_frac":0.8835359116022099,"corpus_frac":0.07313103476924171,"log2_enrichment":3.5947330759501854,"fdr":0.0,"n_top_cells":4525},"level_20":{"top_domain":"D986","top_domain_lb":"Osteoblasts","top_domain_frac":0.7865193370165746,"corpus_frac":0.00914985859811616,"log2_enrichment":6.425588821309533,"fdr":0.0,"n_top_cells":4525}},"causal":null,"morans":null,"module":{"module_id":0,"P_i":0.011879569850862026}}