{"surface":"aggregator","feature_idx":971,"lb":"Osteoblasts","sig":26.46,"sig_bio":9.38,"sig_niche":16.08,"validation":{"prototype_alignment":{"max_abs_cos":0.40182244777679443,"best_prototype_idx":500,"signed_cos_to_best":-0.40182244777679443},"spatial_coherence":{"morans_i_mean":0.3238690803448359,"morans_i_median":0.2964426577091217,"n_slides":15},"confounds":{"tissue_fdr":0.0,"tech_fdr":2.3757886954689638e-151,"slide_fdr":0.0,"tissue_concentrated":true,"tech_concentrated":true,"slide_concentrated":true},"graph_ablation":{"mean_abs_full":0.00018836809241744269,"mean_abs_isolated":0.0006601500819206795,"contextual_dependency":-2.504574864291349},"confounds_effect_size":{"tissue_max_share":0.947403314917127,"tissue_max_ratio":7.458812693869262,"tissue_top_class":"breast","tech_max_share":0.9507182320441989,"tech_max_ratio":1.2004515007970233,"tech_top_class":"xenium","slide_max_ratio":7.458812693869262,"tissue_concentrated_es":true,"tech_concentrated_es":false,"slide_concentrated_es":true,"tech_specific":false},"confound_survival":{"baseline_l7_top_class":"D1013","baseline_l7_top_frac":0.8970165745856353,"tech_resid_same_class_frac":0.896353591160221,"l20_resid_same_class_frac":0.8830939226519336,"survives_slide":true,"survives_tech":true,"survives_l20":true,"survives_all":true},"graph_ablation_v2":{"mean_abs_full":0.00022174570381529912,"mean_abs_self_loop":5.225660124863329e-05,"mean_abs_self_loop_norm":5.225660124863329e-05,"mean_abs_random_rewire":5.197520450302057e-05,"dep_self_loop":0.76433996082215,"dep_self_loop_norm":0.76433996082215,"dep_random_rewire":0.7656089673497675},"prototype_domain_ablation":{"n_cells":200,"mean_cos_full_vs_ablated":0.998782217502594,"mean_conf_drop":0.0016018006717786193,"proto_reassign_rate":0.255,"l7_reassign_rate":0.025,"l20_reassign_rate":0.01}},"alive":true,"n_active_cells":39559,"mean_abs":0.000586413312703371,"max_abs":0.17431433498859406,"top_tissue":"breast","top_tissue_frac":0.4827220101620365,"top_tech":"xenium","top_tech_frac":0.8909476983745798,"tech_confound":true,"top_genes_summary":"sfrp4,ccdc80,c1qa,mmp2,lrrc15","top_genes":[{"rank":0,"gene":"sfrp4","mean_expr":1.0019895129770204,"baseline_mean":0.03316148376849208,"fold_change":30.215460803024946},{"rank":1,"gene":"ccdc80","mean_expr":0.9578947254834255,"baseline_mean":0.036203595133862385,"fold_change":26.45855258135609},{"rank":2,"gene":"c1qa","mean_expr":0.22763798666263813,"baseline_mean":0.00900116440846128,"fold_change":25.28983766240885},{"rank":3,"gene":"mmp2","mean_expr":0.7376493120593397,"baseline_mean":0.03142664785154076,"fold_change":23.472096532343805},{"rank":4,"gene":"lrrc15","mean_expr":0.27816851368266576,"baseline_mean":0.01197508068690512,"fold_change":23.228946923660065},{"rank":5,"gene":"fcer1g","mean_expr":0.5198095957350336,"baseline_mean":0.022593177433332282,"fold_change":23.007370135027816},{"rank":6,"gene":"sfrp1","mean_expr":0.21121992079592541,"baseline_mean":0.01034659360069512,"fold_change":20.414440631140177},{"rank":7,"gene":"adh1b","mean_expr":0.05574640600720822,"baseline_mean":0.002881259491450556,"fold_change":19.3479296719446},{"rank":8,"gene":"zeb2","mean_expr":0.44399109223929556,"baseline_mean":0.023540083988612986,"fold_change":18.86106661531313},{"rank":9,"gene":"s100a4","mean_expr":0.2695985287460833,"baseline_mean":0.015091846996950728,"fold_change":17.863852502649614},{"rank":10,"gene":"lum","mean_expr":1.1566425673342542,"baseline_mean":0.06662837100348347,"fold_change":17.359610476951065},{"rank":11,"gene":"itm2c","mean_expr":0.21015917698981354,"baseline_mean":0.012549908984269697,"fold_change":16.745872599811776},{"rank":12,"gene":"cxcl12","mean_expr":0.9239034435883952,"baseline_mean":0.059384868686517864,"fold_change":15.557893180929922},{"rank":13,"gene":"bace2","mean_expr":0.15667518236360498,"baseline_mean":0.010103092638741158,"fold_change":15.50764582349971},{"rank":14,"gene":"kars","mean_expr":0.07252216149430249,"baseline_mean":0.004765800690879894,"fold_change":15.217204033119767},{"rank":15,"gene":"ldhb","mean_expr":0.16870056489554558,"baseline_mean":0.01156431271039749,"fold_change":14.58803208805195},{"rank":16,"gene":"cx3cr1","mean_expr":0.1392556108519521,"baseline_mean":0.010369157452396038,"fold_change":13.429790365443223},{"rank":17,"gene":"crispld2","mean_expr":0.2936048378601917,"baseline_mean":0.023582925262655492,"fold_change":12.449890528429343},{"rank":18,"gene":"ccl8","mean_expr":0.05341217501960362,"baseline_mean":0.0045604556599962345,"fold_change":11.712025946908936},{"rank":19,"gene":"lpxn","mean_expr":0.09983609531465815,"baseline_mean":0.008863141225965522,"fold_change":11.264188707969316}],"enrichments":{"GO_Biological_Process_2023":{"term":"Positive Regulation Of Canonical Wnt Signaling Pathway (GO:0090263)","p":2.438141984519069e-06,"fdr":0.0003358000175842839,"overlap":"3/84"},"KEGG_2021_Human":{"term":"Viral protein interaction with cytokine and cytokine receptor","p":3.881097665544168e-06,"fdr":0.00019017378561166426,"overlap":"3/98"},"Reactome_2022":{"term":"Immune System R-HSA-168256","p":0.00025710835852635615,"fdr":0.005999195032281643,"overlap":"5/1927"},"PanglaoDB_Augmented_2021":{"term":"Osteoblasts","p":6.383880335788644e-12,"fdr":4.213361021620505e-10,"overlap":"6/154"},"CellMarker_Augmented_2021":{"term":"Peritubular Myoid cell:Testis","p":1.252304067245999e-10,"fdr":4.890382564982755e-09,"overlap":"5/100"}},"domains":{"level_7":{"top_domain":"D1013","top_domain_lb":"Cardiac Stem And Precursor Cells","top_domain_frac":0.8970165745856353,"corpus_frac":0.19602505925533276,"log2_enrichment":2.1940965410410276,"fdr":0.0,"n_top_cells":4525},"level_12":{"top_domain":"D1006","top_domain_lb":"Osteoblasts","top_domain_frac":0.8883977900552487,"corpus_frac":0.06902100048323451,"log2_enrichment":3.686098493416986,"fdr":0.0,"n_top_cells":4525},"level_20":{"top_domain":"D1001","top_domain_lb":"T Regulatory Cells","top_domain_frac":0.9314917127071823,"corpus_frac":0.1002343698385661,"log2_enrichment":3.216165635101777,"fdr":0.0,"n_top_cells":4525}},"causal":null,"morans":null,"module":{"module_id":8,"P_i":0.008740865625441074}}